Date,Time,player_count
9/21/2023,11:40,603536
9/21/2023,11:45,606411
9/21/2023,11:50,609576
9/21/2023,11:55,613848
9/21/2023,12:00,618976
9/21/2023,12:05,624646
9/21/2023,12:10,629984
9/21/2023,12:15,636680
9/21/2023,12:20,643211
9/21/2023,12:25,652249
9/21/2023,12:30,661872
9/21/2023,12:35,673019
9/21/2023,12:40,684832
9/21/2023,12:45,697022
9/21/2023,12:50,710422
9/21/2023,12:55,725260
9/21/2023,13:00,739825
9/21/2023,13:05,755567
9/21/2023,13:10,771036
9/21/2023,13:15,786992
9/21/2023,13:20,803588
9/21/2023,13:25,821460
9/21/2023,13:30,839903
9/21/2023,13:35,859347
9/21/2023,13:40,878531
9/21/2023,13:45,897263
9/21/2023,13:50,916783
9/21/2023,13:55,936392
9/21/2023,14:00,955669
9/21/2023,14:05,973990
9/21/2023,14:10,991682
9/21/2023,14:15,1009031
9/21/2023,14:20,1024840
9/21/2023,14:25,1040909
9/21/2023,14:30,1057289
9/21/2023,14:35,1072384
9/21/2023,14:40,1085715
9/21/2023,14:45,1098884
9/21/2023,14:50,1111987
9/21/2023,14:55,1125746
9/21/2023,15:00,1139035
9/21/2023,15:05,1151691
9/21/2023,15:10,1163771
9/21/2023,15:15,1177543
9/21/2023,15:20,1191265
9/21/2023,15:25,1211285
9/21/2023,15:30,1234566
9/21/2023,15:35,1259497
9/21/2023,15:40,1286896
9/21/2023,15:45,1316000
9/21/2023,15:50,1345705
9/21/2023,15:55,1377411
9/21/2023,16:00,1410640
9/21/2023,16:05,1445884
9/21/2023,16:10,1481754
9/21/2023,16:15,1519023
9/21/2023,16:20,1556832
9/21/2023,16:25,1597920
9/21/2023,16:30,1640487
9/21/2023,16:35,1683185
9/21/2023,16:40,1727180
9/21/2023,16:45,1770059
9/21/2023,16:50,1812871
9/21/2023,16:55,1855496
9/21/2023,17:00,1899096
9/21/2023,17:05,1943188
9/21/2023,17:10,1986793
9/21/2023,17:15,2028210
9/21/2023,17:20,2068395
9/21/2023,17:25,2108967
9/21/2023,17:30,2147700
9/21/2023,17:35,2187078
9/21/2023,17:40,2223377
9/21/2023,17:45,2256779
9/21/2023,17:50,2286207
9/21/2023,17:55,2315336
9/21/2023,18:00,2346236
9/21/2023,18:05,2375870
9/21/2023,18:10,2403467
9/21/2023,18:15,2428118
9/21/2023,18:20,2451074
9/21/2023,18:25,2473904
9/21/2023,18:30,2493630
9/21/2023,18:35,2511409
9/21/2023,18:40,2528762
9/21/2023,18:45,2543960
9/21/2023,18:50,2553830
9/21/2023,18:55,2564012
9/21/2023,19:00,2572344
9/21/2023,19:05,2579043
9/21/2023,19:10,2584428
9/21/2023,19:15,2588164
9/21/2023,19:20,2589595
9/21/2023,19:25,2587851
9/21/2023,19:30,2587113
9/21/2023,19:35,2583937
9/21/2023,19:40,2579251
9/21/2023,19:45,2569933
9/21/2023,19:50,2560823
9/21/2023,19:55,2551286
9/21/2023,20:00,2539267
9/21/2023,20:05,2526005
9/21/2023,20:10,2508114
9/21/2023,20:15,2485809
9/21/2023,20:20,2462335
9/21/2023,20:25,2437329
9/21/2023,20:30,2412611
9/21/2023,20:35,2387446
9/21/2023,20:40,2359688
9/21/2023,20:45,2331702
9/21/2023,20:50,2305420
9/21/2023,20:55,2279349
9/21/2023,21:00,2252528
9/21/2023,21:05,2227699
9/21/2023,21:10,2204628
9/21/2023,21:15,2183506
9/21/2023,21:20,2166764
9/21/2023,21:25,2154425
9/21/2023,21:30,2146791
9/21/2023,21:35,2142971
9/21/2023,21:40,2142434
9/21/2023,21:45,2146927
9/21/2023,21:50,2157026
9/21/2023,21:55,2169251
9/21/2023,22:00,2185038
9/21/2023,22:05,2205405
9/21/2023,22:10,2227332
9/21/2023,22:15,2251561
9/21/2023,22:20,2278997
9/21/2023,22:25,2309120
9/21/2023,22:30,2340220
9/21/2023,22:35,2375048
9/21/2023,22:40,2410166
9/21/2023,22:45,2444318
9/21/2023,22:50,2479023
9/21/2023,22:55,2516481
9/21/2023,23:00,2549218
9/21/2023,23:05,2583413
9/21/2023,23:10,2620236
9/21/2023,23:15,2655556
9/21/2023,23:20,2689883
9/21/2023,23:25,2723916
9/21/2023,23:30,2757595
9/21/2023,23:35,0
9/21/2023,23:40,2841377
9/21/2023,23:45,2869853
9/21/2023,23:50,2894071
9/21/2023,23:55,2844503
9/22/2023,0:00,2924736
9/22/2023,0:05,2942551
9/22/2023,0:10,2506725
9/22/2023,0:15,2920352
9/22/2023,0:20,2945161
9/22/2023,0:25,2956841
9/22/2023,0:30,2975888
9/22/2023,0:35,2990671
9/22/2023,0:40,3003415
9/22/2023,0:45,3013893
9/22/2023,0:50,3022810
9/22/2023,0:55,3026288
9/22/2023,1:00,3027050
9/22/2023,1:05,3024722
9/22/2023,1:10,3017776
9/22/2023,1:15,3010296
9/22/2023,1:20,3006164
9/22/2023,1:25,2998606
9/22/2023,1:30,0
9/22/2023,1:35,2983858
9/22/2023,1:40,2972198
9/22/2023,1:45,2959618
9/22/2023,1:50,2946813
9/22/2023,1:55,2930793
9/22/2023,2:00,2912458
9/22/2023,2:05,2891954
9/22/2023,2:10,2867332
9/22/2023,2:15,2840250
9/22/2023,2:20,2815206
9/22/2023,2:25,2789605
9/22/2023,2:30,2764134
9/22/2023,2:35,2737330
9/22/2023,2:40,2694326
9/22/2023,2:45,2672983
9/22/2023,2:50,2644856
9/22/2023,2:55,2615111
9/22/2023,3:00,2581667
9/22/2023,3:05,2546550
9/22/2023,3:10,2509254
9/22/2023,3:15,2407316
9/22/2023,3:20,2432778
9/22/2023,3:25,2400726
9/22/2023,3:30,2299396
9/22/2023,3:35,2336576
9/22/2023,3:40,2307243
9/22/2023,3:45,2276144
9/22/2023,3:50,2248763
9/22/2023,3:55,2221002
9/22/2023,4:00,2192220
9/22/2023,4:05,2162755
9/22/2023,4:10,2133858
9/22/2023,4:15,2105003
9/22/2023,4:20,2076404
9/22/2023,4:25,2048565
9/22/2023,4:30,2021654
9/22/2023,4:35,1995474
9/22/2023,4:40,1968734
9/22/2023,4:45,1941696
9/22/2023,4:50,1916317
9/22/2023,4:55,1891982
9/22/2023,5:00,1867144
9/22/2023,5:05,1840784
9/22/2023,5:10,1814747
9/22/2023,5:15,1788900
9/22/2023,5:20,1763478
9/22/2023,5:25,1739999
9/22/2023,5:30,1714886
9/22/2023,5:35,1694294
9/22/2023,5:40,1672082
9/22/2023,5:45,1651155
9/22/2023,5:50,1630902
9/22/2023,5:55,1610255
9/22/2023,6:00,1590714
9/22/2023,6:05,1570577
9/22/2023,6:10,1548221
9/22/2023,6:15,1531068
9/22/2023,6:20,1512868
9/22/2023,6:25,1495077
9/22/2023,6:30,1477303
9/22/2023,6:35,1460942
9/22/2023,6:40,1444233
9/22/2023,6:45,1428190
9/22/2023,6:50,1410920
9/22/2023,6:55,1396905
9/22/2023,7:00,1381671
9/22/2023,7:05,1366078
9/22/2023,7:10,1350338
9/22/2023,7:15,1335007
9/22/2023,7:20,1320892
9/22/2023,7:25,1307045
9/22/2023,7:30,1294063
9/22/2023,7:35,1281089
9/22/2023,7:40,1267961
9/22/2023,7:45,1255678
9/22/2023,7:50,1243438
9/22/2023,7:55,1230719
9/22/2023,8:00,1218906
9/22/2023,8:05,1207362
9/22/2023,8:10,1194662
9/22/2023,8:15,1181651
9/22/2023,8:20,1169168
9/22/2023,8:25,1157427
9/22/2023,8:30,1145785
9/22/2023,8:35,1133474
9/22/2023,8:40,1120860
9/22/2023,8:45,1109162
9/22/2023,8:50,1097237
9/22/2023,8:55,1084650
9/22/2023,9:00,1071892
9/22/2023,9:05,1057413
9/22/2023,9:10,1041672
9/22/2023,9:15,1023940
9/22/2023,9:20,1007413
9/22/2023,9:25,990561
9/22/2023,9:30,969226
9/22/2023,9:35,948531
9/22/2023,9:40,927946
9/22/2023,9:45,910199
9/22/2023,9:50,898821
9/22/2023,9:55,884993
9/22/2023,10:00,867879
9/22/2023,10:05,846873
9/22/2023,10:10,821508
9/22/2023,10:15,783638
9/22/2023,10:20,756587
9/22/2023,10:25,741300
9/22/2023,10:30,728658
9/22/2023,10:35,717431
9/22/2023,10:40,705961
9/22/2023,10:45,694243
9/22/2023,10:50,684455
9/22/2023,10:55,674116
9/22/2023,11:00,664362
9/22/2023,11:05,653450
9/22/2023,11:10,641898
9/22/2023,11:15,626124
9/22/2023,11:20,616556
9/22/2023,11:25,613774
9/22/2023,11:30,612931
9/22/2023,11:35,612256
9/22/2023,11:40,613465
9/22/2023,11:45,615405
9/22/2023,11:50,618740
9/22/2023,11:55,622463
9/22/2023,12:00,626777
9/22/2023,12:05,631447
9/22/2023,12:10,637004
9/22/2023,12:15,642349
9/22/2023,12:20,649715
9/22/2023,12:25,658936
9/22/2023,12:30,668874
9/22/2023,12:35,680162
9/22/2023,12:40,691969
9/22/2023,12:45,704174
9/22/2023,12:50,717754
9/22/2023,12:55,732235
9/22/2023,13:00,747163
9/22/2023,13:05,762562
9/22/2023,13:10,777857
9/22/2023,13:15,794496
9/22/2023,13:20,811654
9/22/2023,13:25,830102
9/22/2023,13:30,849083
9/22/2023,13:35,868492
9/22/2023,13:40,887463
9/22/2023,13:45,906310
9/22/2023,13:50,926192
9/22/2023,13:55,944819
9/22/2023,14:00,963438
9/22/2023,14:05,981698
9/22/2023,14:10,998682
9/22/2023,14:15,1014705
9/22/2023,14:20,1030530
9/22/2023,14:25,1045661
9/22/2023,14:30,1060937
9/22/2023,14:35,1075371
9/22/2023,14:40,1089115
9/22/2023,14:45,1102157
9/22/2023,14:50,1115592
9/22/2023,14:55,1128488
9/22/2023,15:00,1141468
9/22/2023,15:05,1154671
9/22/2023,15:10,1166923
9/22/2023,15:15,1178454
9/22/2023,15:20,1195121
9/22/2023,15:25,1216787
9/22/2023,15:30,1240788
9/22/2023,15:35,1266985
9/22/2023,15:40,1293797
9/22/2023,15:45,1323998
9/22/2023,15:50,1355802
9/22/2023,15:55,1389225
9/22/2023,16:00,1425274
9/22/2023,16:05,1461315
9/22/2023,16:10,1500453
9/22/2023,16:15,1540878
9/22/2023,16:20,1583935
9/22/2023,16:25,1628555
9/22/2023,16:30,1674016
9/22/2023,16:35,1720780
9/22/2023,16:40,1768184
9/22/2023,16:45,1814866
9/22/2023,16:50,1860703
9/22/2023,16:55,1907405
9/22/2023,17:00,1952270
9/22/2023,17:05,1997608
9/22/2023,17:10,2043141
9/22/2023,17:15,2087253
9/22/2023,17:20,2130666
9/22/2023,17:25,2174431
9/22/2023,17:30,2215971
9/22/2023,17:35,2256565
9/22/2023,17:40,2294256
9/22/2023,17:45,2330625
9/22/2023,17:50,2363152
9/22/2023,17:55,2396485
9/22/2023,18:00,2427429
9/22/2023,18:05,2454668
9/22/2023,18:10,2478691
9/22/2023,18:15,2500738
9/22/2023,18:20,2525062
9/22/2023,18:25,2546419
9/22/2023,18:30,2566593
9/22/2023,18:35,2585350
9/22/2023,18:40,2601903
9/22/2023,18:45,2615295
9/22/2023,18:50,2623339
9/22/2023,18:55,2634098
9/22/2023,19:00,2643837
9/22/2023,19:05,2651195
9/22/2023,19:10,2655489
9/22/2023,19:15,2657907
9/22/2023,19:20,2657372
9/22/2023,19:25,2655868
9/22/2023,19:30,2650467
9/22/2023,19:35,2645906
9/22/2023,19:40,2638226
9/22/2023,19:45,2627195
9/22/2023,19:50,2611454
9/22/2023,19:55,2598540
9/22/2023,20:00,2581018
9/22/2023,20:05,2560438
9/22/2023,20:10,2536001
9/22/2023,20:15,2509802
9/22/2023,20:20,2481825
9/22/2023,20:25,2451839
9/22/2023,20:30,2419224
9/22/2023,20:35,2384783
9/22/2023,20:40,2347282
9/22/2023,20:45,2310747
9/22/2023,20:50,2275796
9/22/2023,20:55,2240612
9/22/2023,21:00,0
9/22/2023,21:05,2182513
9/22/2023,21:10,2149861
9/22/2023,21:15,2119982
9/22/2023,21:20,2094681
9/22/2023,21:25,2074968
9/22/2023,21:30,2059619
9/22/2023,21:35,2047422
9/22/2023,21:40,2039328
9/22/2023,21:45,2033901
9/22/2023,21:50,2033929
9/22/2023,21:55,2037279
9/22/2023,22:00,2043668
9/22/2023,22:05,2055534
9/22/2023,22:10,2068299
9/22/2023,22:15,2084149
9/22/2023,22:20,2102776
9/22/2023,22:25,2124397
9/22/2023,22:30,2148783
9/22/2023,22:35,2173929
9/22/2023,22:40,2200503
9/22/2023,22:45,2227704
9/22/2023,22:50,2256891
9/22/2023,22:55,2285658
9/22/2023,23:00,2314710
9/22/2023,23:05,2342129
9/22/2023,23:10,2364178
9/22/2023,23:15,2387550
9/22/2023,23:20,2416244
9/22/2023,23:25,2447578
9/22/2023,23:30,2476839
9/22/2023,23:35,2504543
9/22/2023,23:40,2529382
9/22/2023,23:45,2552638
9/22/2023,23:50,2576198
9/22/2023,23:55,2598515
9/23/2023,0:00,2616509
9/23/2023,0:05,2632911
9/23/2023,0:10,2646450
9/23/2023,0:15,2657029
9/23/2023,0:20,2668963
9/23/2023,0:25,2672690
9/23/2023,0:30,2689343
9/23/2023,0:35,2699091
9/23/2023,0:40,2709039
9/23/2023,0:45,2717877
9/23/2023,0:50,2726819
9/23/2023,0:55,2732283
9/23/2023,1:00,2735776
9/23/2023,1:05,2736336
9/23/2023,1:10,2732954
9/23/2023,1:15,2727242
9/23/2023,1:20,2722900
9/23/2023,1:25,2722578
9/23/2023,1:30,2718172
9/23/2023,1:35,2712038
9/23/2023,1:40,2702890
9/23/2023,1:45,2691888
9/23/2023,1:50,2679008
9/23/2023,1:55,2665251
9/23/2023,2:00,2650501
9/23/2023,2:05,2633502
9/23/2023,2:10,2610987
9/23/2023,2:15,2584114
9/23/2023,2:20,2561183
9/23/2023,2:25,2543365
9/23/2023,2:30,2523817
9/23/2023,2:35,2502380
9/23/2023,2:40,2478096
9/23/2023,2:45,2451538
9/23/2023,2:50,2425502
9/23/2023,2:55,2400202
9/23/2023,3:00,2372249
9/23/2023,3:05,2341583
9/23/2023,3:10,2308352
9/23/2023,3:15,2271234
9/23/2023,3:20,2240489
9/23/2023,3:25,2216325
9/23/2023,3:30,2195739
9/23/2023,3:35,2179037
9/23/2023,3:40,2162171
9/23/2023,3:45,2145819
9/23/2023,3:50,2130080
9/23/2023,3:55,2115121
9/23/2023,4:00,2098234
9/23/2023,4:05,2081500
9/23/2023,4:10,2063577
9/23/2023,4:15,2045421
9/23/2023,4:20,2026941
9/23/2023,4:25,2008585
9/23/2023,4:30,1989900
9/23/2023,4:35,1971299
9/23/2023,4:40,1952097
9/23/2023,4:45,1932998
9/23/2023,4:50,1907459
9/23/2023,4:55,1889080
9/23/2023,5:00,1870013
9/23/2023,5:05,1850390
9/23/2023,5:10,1828957
9/23/2023,5:15,1808086
9/23/2023,5:20,1786921
9/23/2023,5:25,1765940
9/23/2023,5:30,1744134
9/23/2023,5:35,1722843
9/23/2023,5:40,1703091
9/23/2023,5:45,1681626
9/23/2023,5:50,1661381
9/23/2023,5:55,1640717
9/23/2023,6:00,1621013
9/23/2023,6:05,1601174
9/23/2023,6:10,1580773
9/23/2023,6:15,1559916
9/23/2023,6:20,1539820
9/23/2023,6:25,1520563
9/23/2023,6:30,1501711
9/23/2023,6:35,1482964
9/23/2023,6:40,1464616
9/23/2023,6:45,1447224
9/23/2023,6:50,1428921
9/23/2023,6:55,1411117
9/23/2023,7:00,1393478
9/23/2023,7:05,1376555
9/23/2023,7:10,1359005
9/23/2023,7:15,1341204
9/23/2023,7:20,1324285
9/23/2023,7:25,1306654
9/23/2023,7:30,1290223
9/23/2023,7:35,1273699
9/23/2023,7:40,1257187
9/23/2023,7:45,1240779
9/23/2023,7:50,1225288
9/23/2023,7:55,1209640
9/23/2023,8:00,1193969
9/23/2023,8:05,1178262
9/23/2023,8:10,1162729
9/23/2023,8:15,1146967
9/23/2023,8:20,1132677
9/23/2023,8:25,1118911
9/23/2023,8:30,1105241
9/23/2023,8:35,1092546
9/23/2023,8:40,1079194
9/23/2023,8:45,1065771
9/23/2023,8:50,1052002
9/23/2023,8:55,1038195
9/23/2023,9:00,1023749
9/23/2023,9:05,1008278
9/23/2023,9:10,991215
9/23/2023,9:15,972064
9/23/2023,9:20,952913
9/23/2023,9:25,936208
9/23/2023,9:30,920208
9/23/2023,9:35,903816
9/23/2023,9:40,886153
9/23/2023,9:45,867944
9/23/2023,9:50,849015
9/23/2023,9:55,829788
9/23/2023,10:00,807421
9/23/2023,10:05,781638
9/23/2023,10:10,751891
9/23/2023,10:15,712140
9/23/2023,10:20,675833
9/23/2023,10:25,659633
9/23/2023,10:30,647345
9/23/2023,10:35,636256
9/23/2023,10:40,625966
9/23/2023,10:45,615464
9/23/2023,10:50,605139
9/23/2023,10:55,596437
9/23/2023,11:00,587208
9/23/2023,11:05,576846
9/23/2023,11:10,565376
9/23/2023,11:15,549964
9/23/2023,11:20,537127
9/23/2023,11:25,534003
9/23/2023,11:30,533002
9/23/2023,11:35,533545
9/23/2023,11:40,535142
9/23/2023,11:45,536552
9/23/2023,11:50,539063
9/23/2023,11:55,542358
9/23/2023,12:00,547642
9/23/2023,12:05,553432
9/23/2023,12:10,559598
9/23/2023,12:15,565784
9/23/2023,12:20,573505
9/23/2023,12:25,582965
9/23/2023,12:30,593325
9/23/2023,12:35,604270
9/23/2023,12:40,616214
9/23/2023,12:45,628496
9/23/2023,12:50,641546
9/23/2023,12:55,655531
9/23/2023,13:00,669957
9/23/2023,13:05,685057
9/23/2023,13:10,699906
9/23/2023,13:15,715458
9/23/2023,13:20,731724
9/23/2023,13:25,749041
9/23/2023,13:30,767205
9/23/2023,13:35,784377
9/23/2023,13:40,802370
9/23/2023,13:45,820352
9/23/2023,13:50,838680
9/23/2023,13:55,856909
9/23/2023,14:00,874386
9/23/2023,14:05,891292
9/23/2023,14:10,907281
9/23/2023,14:15,922199
9/23/2023,14:20,937262
9/23/2023,14:25,953027
9/23/2023,14:30,967505
9/23/2023,14:35,981477
9/23/2023,14:40,994645
9/23/2023,14:45,1006912
9/23/2023,14:50,1018781
9/23/2023,14:55,1030981
9/23/2023,15:00,1043619
9/23/2023,15:05,1056049
9/23/2023,15:10,1067574
9/23/2023,15:15,1079056
9/23/2023,15:20,1094240
9/23/2023,15:25,1114413
9/23/2023,15:30,1135956
9/23/2023,15:35,1161265
9/23/2023,15:40,1187962
9/23/2023,15:45,1217313
9/23/2023,15:50,1248979
9/23/2023,15:55,1282701
9/23/2023,16:00,1317814
9/23/2023,16:05,1354072
9/23/2023,16:10,1391356
9/23/2023,16:15,1430659
9/23/2023,16:20,1475150
9/23/2023,16:25,1521937
9/23/2023,16:30,1570066
9/23/2023,16:35,1618640
9/23/2023,16:40,1667406
9/23/2023,16:45,1717626
9/23/2023,16:50,1768473
9/23/2023,16:55,1819697
9/23/2023,17:00,1869807
9/23/2023,17:05,1917588
9/23/2023,17:10,1964893
9/23/2023,17:15,2012639
9/23/2023,17:20,2059170
9/23/2023,17:25,2102141
9/23/2023,17:30,2146895
9/23/2023,17:35,2191734
9/23/2023,17:40,2232090
9/23/2023,17:45,2269881
9/23/2023,17:50,2309094
9/23/2023,17:55,2348361
9/23/2023,18:00,2383781
9/23/2023,18:05,2417097
9/23/2023,18:10,2447811
9/23/2023,18:15,2478804
9/23/2023,18:20,2506891
9/23/2023,18:25,2532694
9/23/2023,18:30,2558176
9/23/2023,18:35,2582517
9/23/2023,18:40,2602083
9/23/2023,18:45,0
9/23/2023,18:50,2632138
9/23/2023,18:55,2648840
9/23/2023,19:00,2661832
9/23/2023,19:05,2671999
9/23/2023,19:10,2679080
9/23/2023,19:15,2684359
9/23/2023,19:20,2687342
9/23/2023,19:25,2685311
9/23/2023,19:30,2683116
9/23/2023,19:35,2679387
9/23/2023,19:40,2675766
9/23/2023,19:45,2668989
9/23/2023,19:50,2660669
9/23/2023,19:55,2652397
9/23/2023,20:00,2639373
9/23/2023,20:05,2623382
9/23/2023,20:10,2601418
9/23/2023,20:15,2575891
9/23/2023,20:20,2548782
9/23/2023,20:25,2518421
9/23/2023,20:30,2483983
9/23/2023,20:35,2451221
9/23/2023,20:40,2416583
9/23/2023,20:45,2381855
9/23/2023,20:50,2349287
9/23/2023,20:55,2316684
9/23/2023,21:00,2284544
9/23/2023,21:05,2253869
9/23/2023,21:10,2225666
9/23/2023,21:15,2198841
9/23/2023,21:20,2175402
9/23/2023,21:25,2156467
9/23/2023,21:30,2143777
9/23/2023,21:35,2135170
9/23/2023,21:40,2128401
9/23/2023,21:45,2126460
9/23/2023,21:50,2130220
9/23/2023,21:55,2137748
9/23/2023,22:00,2150418
9/23/2023,22:05,2165330
9/23/2023,22:10,2181739
9/23/2023,22:15,2201885
9/23/2023,22:20,2224820
9/23/2023,22:25,2250455
9/23/2023,22:30,2279699
9/23/2023,22:35,2309038
9/23/2023,22:40,2338901
9/23/2023,22:45,2370000
9/23/2023,22:50,2404690
9/23/2023,22:55,2437546
9/23/2023,23:00,2471043
9/23/2023,23:05,2502853
9/23/2023,23:10,2532808
9/23/2023,23:15,2546485
9/23/2023,23:20,2550484
9/23/2023,23:25,2550919
9/23/2023,23:30,2561443
9/23/2023,23:35,2591995
9/23/2023,23:40,2619275
9/23/2023,23:45,2644270
9/23/2023,23:50,2667880
9/23/2023,23:55,2691299
9/24/2023,0:00,2711248
9/24/2023,0:05,2726267
9/24/2023,0:10,2712687
9/24/2023,0:15,2745816
9/24/2023,0:20,2756843
9/24/2023,0:25,2768107
9/24/2023,0:30,2777797
9/24/2023,0:35,2786147
9/24/2023,0:40,2791525
9/24/2023,0:45,2791460
9/24/2023,0:50,2792515
9/24/2023,0:55,2791291
9/24/2023,1:00,2786158
9/24/2023,1:05,2778371
9/24/2023,1:10,2765482
9/24/2023,1:15,2746850
9/24/2023,1:20,2724290
9/24/2023,1:25,2703377
9/24/2023,1:30,2694761
9/24/2023,1:35,2678862
9/24/2023,1:40,2656273
9/24/2023,1:45,2630650
9/24/2023,1:50,2603747
9/24/2023,1:55,2575672
9/24/2023,2:00,2518914
9/24/2023,2:05,2502008
9/24/2023,2:10,2465362
9/24/2023,2:15,2423010
9/24/2023,2:20,2379869
9/24/2023,2:25,2341661
9/24/2023,2:30,2304558
9/24/2023,2:35,2266762
9/24/2023,2:40,2227849
9/24/2023,2:45,2187648
9/24/2023,2:50,2147264
9/24/2023,2:55,2109835
9/24/2023,3:00,2071561
9/24/2023,3:05,2032915
9/24/2023,3:10,1993042
9/24/2023,3:15,1951414
9/24/2023,3:20,1909879
9/24/2023,3:25,1873049
9/24/2023,3:30,1839080
9/24/2023,3:35,1807837
9/24/2023,3:40,1775960
9/24/2023,3:45,1745405
9/24/2023,3:50,1718530
9/24/2023,3:55,1692518
9/24/2023,4:00,1667061
9/24/2023,4:05,1642784
9/24/2023,4:10,1618158
9/24/2023,4:15,1593780
9/24/2023,4:20,1570115
9/24/2023,4:25,1548410
9/24/2023,4:30,1527471
9/24/2023,4:35,1506956
9/24/2023,4:40,1486694
9/24/2023,4:45,1467198
9/24/2023,4:50,1448377
9/24/2023,4:55,1431122
9/24/2023,5:00,1413993
9/24/2023,5:05,1396877
9/24/2023,5:10,1380422
9/24/2023,5:15,1363704
9/24/2023,5:20,1346798
9/24/2023,5:25,1331351
9/24/2023,5:30,1317816
9/24/2023,5:35,1303324
9/24/2023,5:40,1288765
9/24/2023,5:45,1276313
9/24/2023,5:50,1264809
9/24/2023,5:55,1252541
9/24/2023,6:00,1241051
9/24/2023,6:05,1230083
9/24/2023,6:10,1218361
9/24/2023,6:15,1207193
9/24/2023,6:20,1196041
9/24/2023,6:25,1186149
9/24/2023,6:30,1175724
9/24/2023,6:35,1166330
9/24/2023,6:40,1156684
9/24/2023,6:45,1146835
9/24/2023,6:50,1138168
9/24/2023,6:55,1130566
9/24/2023,7:00,1121803
9/24/2023,7:05,1113607
9/24/2023,7:10,1104925
9/24/2023,7:15,1095896
9/24/2023,7:20,1086544
9/24/2023,7:25,1077530
9/24/2023,7:30,1069802
9/24/2023,7:35,1061940
9/24/2023,7:40,1052689
9/24/2023,7:45,1044591
9/24/2023,7:50,1036261
9/24/2023,7:55,1028211
9/24/2023,8:00,1018954
9/24/2023,8:05,1010019
9/24/2023,8:10,1000602
9/24/2023,8:15,990351
9/24/2023,8:20,980054
9/24/2023,8:25,970815
9/24/2023,8:30,961527
9/24/2023,8:35,947653
9/24/2023,8:40,942640
9/24/2023,8:45,932673
9/24/2023,8:50,922678
9/24/2023,8:55,913154
9/24/2023,9:00,902231
9/24/2023,9:05,891364
9/24/2023,9:10,878777
9/24/2023,9:15,865081
9/24/2023,9:20,849891
9/24/2023,9:25,837035
9/24/2023,9:30,824195
9/24/2023,9:35,811326
9/24/2023,9:40,797700
9/24/2023,9:45,784071
9/24/2023,9:50,769623
9/24/2023,9:55,755588
9/24/2023,10:00,740837
9/24/2023,10:05,724413
9/24/2023,10:10,705281
9/24/2023,10:15,683687
9/24/2023,10:20,654278
9/24/2023,10:25,637816
9/24/2023,10:30,625798
9/24/2023,10:35,615519
9/24/2023,10:40,605285
9/24/2023,10:45,596266
9/24/2023,10:50,587196
9/24/2023,10:55,579185
9/24/2023,11:00,570775
9/24/2023,11:05,562361
9/24/2023,11:10,554129
9/24/2023,11:15,545620
9/24/2023,11:20,534765
9/24/2023,11:25,530343
9/24/2023,11:30,528510
9/24/2023,11:35,527795
9/24/2023,11:40,528296
9/24/2023,11:45,529462
9/24/2023,11:50,531551
9/24/2023,11:55,534263
9/24/2023,12:00,537803
9/24/2023,12:05,541848
9/24/2023,12:10,545795
9/24/2023,12:15,550141
9/24/2023,12:20,555319
9/24/2023,12:25,561352
9/24/2023,12:30,569034
9/24/2023,12:35,577044
9/24/2023,12:40,0
9/24/2023,12:45,599823
9/24/2023,12:50,609938
9/24/2023,12:55,619976
9/24/2023,13:00,631166
9/24/2023,13:05,642328
9/24/2023,13:10,654103
9/24/2023,13:15,667394
9/24/2023,13:20,681384
9/24/2023,13:25,695839
9/24/2023,13:30,711154
9/24/2023,13:35,727024
9/24/2023,13:40,743277
9/24/2023,13:45,759360
9/24/2023,13:50,775064
9/24/2023,13:55,790802
9/24/2023,14:00,805639
9/24/2023,14:05,820353
9/24/2023,14:10,833928
9/24/2023,14:15,846658
9/24/2023,14:20,859411
9/24/2023,14:25,872579
9/24/2023,14:30,886210
9/24/2023,14:35,899464
9/24/2023,14:40,911678
9/24/2023,14:45,923351
9/24/2023,14:50,936376
9/24/2023,14:55,949730
9/24/2023,15:00,964019
9/24/2023,15:05,979093
9/24/2023,15:10,995251
9/24/2023,15:15,1013148
9/24/2023,15:20,1036677
9/24/2023,15:25,1063777
9/24/2023,15:30,1094090
9/24/2023,15:35,1126079
9/24/2023,15:40,1158334
9/24/2023,15:45,1189353
9/24/2023,15:50,1219628
9/24/2023,15:55,1249839
9/24/2023,16:00,1278320
9/24/2023,16:05,1304540
9/24/2023,16:10,1328714
9/24/2023,16:15,1353029
9/24/2023,16:20,1378153
9/24/2023,16:25,1402800
9/24/2023,16:30,1426750
9/24/2023,16:35,1450219
9/24/2023,16:40,1472503
9/24/2023,16:45,1494145
9/24/2023,16:50,1515768
9/24/2023,16:55,1535973
9/24/2023,17:00,1554518
9/24/2023,17:05,1571974
9/24/2023,17:10,1588890
9/24/2023,17:15,1606209
9/24/2023,17:20,1623224
9/24/2023,17:25,1641314
9/24/2023,17:30,1660094
9/24/2023,17:35,1679944
9/24/2023,17:40,1698453
9/24/2023,17:45,1718581
9/24/2023,17:50,1739889
9/24/2023,17:55,1751156
9/24/2023,18:00,1775753
9/24/2023,18:05,1796434
9/24/2023,18:10,1815533
9/24/2023,18:15,1835477
9/24/2023,18:20,1854881
9/24/2023,18:25,1873362
9/24/2023,18:30,1891021
9/24/2023,18:35,1908728
9/24/2023,18:40,1925569
9/24/2023,18:45,1940823
9/24/2023,18:50,1956203
9/24/2023,18:55,1969966
9/24/2023,19:00,1981791
9/24/2023,19:05,1992539
9/24/2023,19:10,2002338
9/24/2023,19:15,2011719
9/24/2023,19:20,2020941
9/24/2023,19:25,2030365
9/24/2023,19:30,2036714
9/24/2023,19:35,2043605
9/24/2023,19:40,2047641
9/24/2023,19:45,2050551
9/24/2023,19:50,2053135
9/24/2023,19:55,2053918
9/24/2023,20:00,2052078
9/24/2023,20:05,2049290
9/24/2023,20:10,2042701
9/24/2023,20:15,2034286
9/24/2023,20:20,2026627
9/24/2023,20:25,2018516
9/24/2023,20:30,2009463
9/24/2023,20:35,1999112
9/24/2023,20:40,1988380
9/24/2023,20:45,1977388
9/24/2023,20:50,1967922
9/24/2023,20:55,1960366
9/24/2023,21:00,1954307
9/24/2023,21:05,1949967
9/24/2023,21:10,1945577
9/24/2023,21:15,1943436
9/24/2023,21:20,1945420
9/24/2023,21:25,1947906
9/24/2023,21:30,1960055
9/24/2023,21:35,1973453
9/24/2023,21:40,1989150
9/24/2023,21:45,2007035
9/24/2023,21:50,2029228
9/24/2023,21:55,2054077
9/24/2023,22:00,2080578
9/24/2023,22:05,2108750
9/24/2023,22:10,2140041
9/24/2023,22:15,2173469
9/24/2023,22:20,2209559
9/24/2023,22:25,2248386
9/24/2023,22:30,2288933
9/24/2023,22:35,2328983
9/24/2023,22:40,2367430
9/24/2023,22:45,2407836
9/24/2023,22:50,2449499
9/24/2023,22:55,2488889
9/24/2023,23:00,2529767
9/24/2023,23:05,2568409
9/24/2023,23:10,2604243
9/24/2023,23:15,2639368
9/24/2023,23:20,2674930
9/24/2023,23:25,2709334
9/24/2023,23:30,2744301
9/24/2023,23:35,2776762
9/24/2023,23:40,2805520
9/24/2023,23:45,2832050
9/24/2023,23:50,2857097
9/24/2023,23:55,2881648
9/25/2023,0:00,2903883
9/25/2023,0:05,2920060
9/25/2023,0:10,2934307
9/25/2023,0:15,2945286
9/25/2023,0:20,2956802
9/25/2023,0:25,2969366
9/25/2023,0:30,2979162
9/25/2023,0:35,2986236
9/25/2023,0:40,2987585
9/25/2023,0:45,2987033
9/25/2023,0:50,2984472
9/25/2023,0:55,2980563
9/25/2023,1:00,2972342
9/25/2023,1:05,2960549
9/25/2023,1:10,2941630
9/25/2023,1:15,2919687
9/25/2023,1:20,2897894
9/25/2023,1:25,2873099
9/25/2023,1:30,2848570
9/25/2023,1:35,2819320
9/25/2023,1:40,2786015
9/25/2023,1:45,2749633
9/25/2023,1:50,2713303
9/25/2023,1:55,2673872
9/25/2023,2:00,2630732
9/25/2023,2:05,2584830
9/25/2023,2:10,2534894
9/25/2023,2:15,2481282
9/25/2023,2:20,2434574
9/25/2023,2:25,2390947
9/25/2023,2:30,2346556
9/25/2023,2:35,2300120
9/25/2023,2:40,2253364
9/25/2023,2:45,2205459
9/25/2023,2:50,2161840
9/25/2023,2:55,2117615
9/25/2023,3:00,2072608
9/25/2023,3:05,2028012
9/25/2023,3:10,1981938
9/25/2023,3:15,1929684
9/25/2023,3:20,1888843
9/25/2023,3:25,1850856
9/25/2023,3:30,1814042
9/25/2023,3:35,1779028
9/25/2023,3:40,1746479
9/25/2023,3:45,1715615
9/25/2023,3:50,1687223
9/25/2023,3:55,1659389
9/25/2023,4:00,1631218
9/25/2023,4:05,1603689
9/25/2023,4:10,1576628
9/25/2023,4:15,1551100
9/25/2023,4:20,1526294
9/25/2023,4:25,1502393
9/25/2023,4:30,1480740
9/25/2023,4:35,1459404
9/25/2023,4:40,1438870
9/25/2023,4:45,1419918
9/25/2023,4:50,1401915
9/25/2023,4:55,1384031
9/25/2023,5:00,1366975
9/25/2023,5:05,1350075
9/25/2023,5:10,1333704
9/25/2023,5:15,1317253
9/25/2023,5:20,1301727
9/25/2023,5:25,1286818
9/25/2023,5:30,1273514
9/25/2023,5:35,1258876
9/25/2023,5:40,1245255
9/25/2023,5:45,1233327
9/25/2023,5:50,1222078
9/25/2023,5:55,1210598
9/25/2023,6:00,1199609
9/25/2023,6:05,1188073
9/25/2023,6:10,1175972
9/25/2023,6:15,1164832
9/25/2023,6:20,1154174
9/25/2023,6:25,1144053
9/25/2023,6:30,1134399
9/25/2023,6:35,1125497
9/25/2023,6:40,1115413
9/25/2023,6:45,1107030
9/25/2023,6:50,1098730
9/25/2023,6:55,1090058
9/25/2023,7:00,1081484
9/25/2023,7:05,1072077
9/25/2023,7:10,1062883
9/25/2023,7:15,1054108
9/25/2023,7:20,1045352
9/25/2023,7:25,1036865
9/25/2023,7:30,1028322
9/25/2023,7:35,1019390
9/25/2023,7:40,1009404
9/25/2023,7:45,1001059
9/25/2023,7:50,993010
9/25/2023,7:55,984718
9/25/2023,8:00,976216
9/25/2023,8:05,967671
9/25/2023,8:10,958946
9/25/2023,8:15,949822
9/25/2023,8:20,941208
9/25/2023,8:25,932456
9/25/2023,8:30,923215
9/25/2023,8:35,913625
9/25/2023,8:40,904153
9/25/2023,8:45,894859
9/25/2023,8:50,885766
9/25/2023,8:55,875786
9/25/2023,9:00,865037
9/25/2023,9:05,853104
9/25/2023,9:10,839884
9/25/2023,9:15,826101
9/25/2023,9:20,812759
9/25/2023,9:25,801638
9/25/2023,9:30,789254
9/25/2023,9:35,776505
9/25/2023,9:40,762850
9/25/2023,9:45,748300
9/25/2023,9:50,734877
9/25/2023,9:55,720778
9/25/2023,10:00,705082
9/25/2023,10:05,687714
9/25/2023,10:10,667309
9/25/2023,10:15,639447
9/25/2023,10:20,620362
9/25/2023,10:25,0
9/25/2023,10:30,603498
9/25/2023,10:35,592888
9/25/2023,10:40,583025
9/25/2023,10:45,574543
9/25/2023,10:50,565488
9/25/2023,10:55,558086
9/25/2023,11:00,550723
9/25/2023,11:05,542945
9/25/2023,11:10,534354
9/25/2023,11:15,525643
9/25/2023,11:20,514993
9/25/2023,11:25,510882
9/25/2023,11:30,509818
9/25/2023,11:35,510474
9/25/2023,11:40,511764
9/25/2023,11:45,513437
9/25/2023,11:50,516704
9/25/2023,11:55,520683
9/25/2023,12:00,525206
9/25/2023,12:05,529702
9/25/2023,12:10,534157
9/25/2023,12:15,539458
9/25/2023,12:20,544778
9/25/2023,12:25,551886
9/25/2023,12:30,559471
9/25/2023,12:35,567647
9/25/2023,12:40,575825
9/25/2023,12:45,584848
9/25/2023,12:50,594579
9/25/2023,12:55,605124
9/25/2023,13:00,616726
9/25/2023,13:05,628114
9/25/2023,13:10,640474
9/25/2023,13:15,653527
9/25/2023,13:20,667252
9/25/2023,13:25,682176
9/25/2023,13:30,698255
9/25/2023,13:35,714685
9/25/2023,13:40,731057
9/25/2023,13:45,747263
9/25/2023,13:50,763096
9/25/2023,13:55,779191
9/25/2023,14:00,794083
9/25/2023,14:05,808731
9/25/2023,14:10,822269
9/25/2023,14:15,835406
9/25/2023,14:20,848529
9/25/2023,14:25,861088
9/25/2023,14:30,874616
9/25/2023,14:35,887247
9/25/2023,14:40,899043
9/25/2023,14:45,911306
9/25/2023,14:50,923962
9/25/2023,14:55,938173
9/25/2023,15:00,952820
9/25/2023,15:05,968606
9/25/2023,15:10,984633
9/25/2023,15:15,1002976
9/25/2023,15:20,1024236
9/25/2023,15:25,1051152
9/25/2023,15:30,1082289
9/25/2023,15:35,1115270
9/25/2023,15:40,1148259
9/25/2023,15:45,1179859
9/25/2023,15:50,1211601
9/25/2023,15:55,1242731
9/25/2023,16:00,1271331
9/25/2023,16:05,1299161
9/25/2023,16:10,1324618
9/25/2023,16:15,1350486
9/25/2023,16:20,1374425
9/25/2023,16:25,1398157
9/25/2023,16:30,1421284
9/25/2023,16:35,1444546
9/25/2023,16:40,1466388
9/25/2023,16:45,1487416
9/25/2023,16:50,1507495
9/25/2023,16:55,1526314
9/25/2023,17:00,1543857
9/25/2023,17:05,1561150
9/25/2023,17:10,1576190
9/25/2023,17:15,1591334
9/25/2023,17:20,1606935
9/25/2023,17:25,1624164
9/25/2023,17:30,1643030
9/25/2023,17:35,1661334
9/25/2023,17:40,1681696
9/25/2023,17:45,1701858
9/25/2023,17:50,1721309
9/25/2023,17:55,1742404
9/25/2023,18:00,1763035
9/25/2023,18:05,1782736
9/25/2023,18:10,1801448
9/25/2023,18:15,1819315
9/25/2023,18:20,1836753
9/25/2023,18:25,1854255
9/25/2023,18:30,1870990
9/25/2023,18:35,1887713
9/25/2023,18:40,1903959
9/25/2023,18:45,1917825
9/25/2023,18:50,1932552
9/25/2023,18:55,1945592
9/25/2023,19:00,1958033
9/25/2023,19:05,1970219
9/25/2023,19:10,1980395
9/25/2023,19:15,1985578
9/25/2023,19:20,1992454
9/25/2023,19:25,1997977
9/25/2023,19:30,2005750
9/25/2023,19:35,2014335
9/25/2023,19:40,2020085
9/25/2023,19:45,2025136
9/25/2023,19:50,2029393
9/25/2023,19:55,2032646
9/25/2023,20:00,2032650
9/25/2023,20:05,2031310
9/25/2023,20:10,2027963
9/25/2023,20:15,2022462
9/25/2023,20:20,2014432
9/25/2023,20:25,2007544
9/25/2023,20:30,2000679
9/25/2023,20:35,1985057
9/25/2023,20:40,1970088
9/25/2023,20:45,1952510
9/25/2023,20:50,1942161
9/25/2023,20:55,1935013
9/25/2023,21:00,1929533
9/25/2023,21:05,1924470
9/25/2023,21:10,1919649
9/25/2023,21:15,1917148
9/25/2023,21:20,1917021
9/25/2023,21:25,1922356
9/25/2023,21:30,1931041
9/25/2023,21:35,1944093
9/25/2023,21:40,1959936
9/25/2023,21:45,1977746
9/25/2023,21:50,1999878
9/25/2023,21:55,2025070
9/25/2023,22:00,2052055
9/25/2023,22:05,2080836
9/25/2023,22:10,2111396
9/25/2023,22:15,2143796
9/25/2023,22:20,2176827
9/25/2023,22:25,2213512
9/25/2023,22:30,2251564
9/25/2023,22:35,2292336
9/25/2023,22:40,2334084
9/25/2023,22:45,2375121
9/25/2023,22:50,2418059
9/25/2023,22:55,2451045
9/25/2023,23:00,2495147
9/25/2023,23:05,2523588
9/25/2023,23:10,2542854
9/25/2023,23:15,2564186
9/25/2023,23:20,2587150
9/25/2023,23:25,2609656
9/25/2023,23:30,2651903
9/25/2023,23:35,2695313
9/25/2023,23:40,2723967
9/25/2023,23:45,2757246
9/25/2023,23:50,2786126
9/25/2023,23:55,2815381
9/26/2023,0:00,2839565
9/26/2023,0:05,2863155
9/26/2023,0:10,2880522
9/26/2023,0:15,2894560
9/26/2023,0:20,2905482
9/26/2023,0:25,2919243
9/26/2023,0:30,2932654
9/26/2023,0:35,2943115
9/26/2023,0:40,2948821
9/26/2023,0:45,2950153
9/26/2023,0:50,2948824
9/26/2023,0:55,2947201
9/26/2023,1:00,2940044
9/26/2023,1:05,2929702
9/26/2023,1:10,2911997
9/26/2023,1:15,2890043
9/26/2023,1:20,2865439
9/26/2023,1:25,2843129
9/26/2023,1:30,2819111
9/26/2023,1:35,2793399
9/26/2023,1:40,2762052
9/26/2023,1:45,2724922
9/26/2023,1:50,2688944
9/26/2023,1:55,2652897
9/26/2023,2:00,2614824
9/26/2023,2:05,2573977
9/26/2023,2:10,2529045
9/26/2023,2:15,2479663
9/26/2023,2:20,2431574
9/26/2023,2:25,2390462
9/26/2023,2:30,2347621
9/26/2023,2:35,2305556
9/26/2023,2:40,2260039
9/26/2023,2:45,0
9/26/2023,2:50,2148355
9/26/2023,2:55,2105269
9/26/2023,3:00,2062126
9/26/2023,3:05,2018404
9/26/2023,3:10,1973724
9/26/2023,3:15,1927023
9/26/2023,3:20,1883190
9/26/2023,3:25,1844278
9/26/2023,3:30,1808444
9/26/2023,3:35,1773379
9/26/2023,3:40,1739656
9/26/2023,3:45,1708770
9/26/2023,3:50,1680536
9/26/2023,3:55,1653524
9/26/2023,4:00,1626332
9/26/2023,4:05,1600115
9/26/2023,4:10,1574378
9/26/2023,4:15,1549916
9/26/2023,4:20,1525076
9/26/2023,4:25,1502713
9/26/2023,4:30,1481553
9/26/2023,4:35,1460377
9/26/2023,4:40,1439094
9/26/2023,4:45,1419748
9/26/2023,4:50,1401323
9/26/2023,4:55,1383994
9/26/2023,5:00,1367085
9/26/2023,5:05,1350172
9/26/2023,5:10,1332823
9/26/2023,5:15,1316149
9/26/2023,5:20,1300525
9/26/2023,5:25,1285787
9/26/2023,5:30,1271419
9/26/2023,5:35,1257871
9/26/2023,5:40,1244967
9/26/2023,5:45,1231747
9/26/2023,5:50,1220013
9/26/2023,5:55,1207941
9/26/2023,6:00,1196961
9/26/2023,6:05,1185456
9/26/2023,6:10,1173571
9/26/2023,6:15,1162238
9/26/2023,6:20,1145061
9/26/2023,6:25,1132857
9/26/2023,6:30,1124852
9/26/2023,6:35,1115854
9/26/2023,6:40,1107189
9/26/2023,6:45,1098203
9/26/2023,6:50,1089924
9/26/2023,6:55,1080763
9/26/2023,7:00,1071983
9/26/2023,7:05,1063473
9/26/2023,7:10,1054452
9/26/2023,7:15,1045006
9/26/2023,7:20,1035941
9/26/2023,7:25,1027600
9/26/2023,7:30,1019097
9/26/2023,7:35,1010856
9/26/2023,7:40,1002391
9/26/2023,7:45,994453
9/26/2023,7:50,986588
9/26/2023,7:55,978570
9/26/2023,8:00,969924
9/26/2023,8:05,960690
9/26/2023,8:10,951115
9/26/2023,8:15,940886
9/26/2023,8:20,932862
9/26/2023,8:25,924186
9/26/2023,8:30,915229
9/26/2023,8:35,905716
9/26/2023,8:40,896004
9/26/2023,8:45,886023
9/26/2023,8:50,877005
9/26/2023,8:55,867476
9/26/2023,9:00,857457
9/26/2023,9:05,847134
9/26/2023,9:10,835274
9/26/2023,9:15,821802
9/26/2023,9:20,809573
9/26/2023,9:25,797352
9/26/2023,9:30,785560
9/26/2023,9:35,773454
9/26/2023,9:40,760380
9/26/2023,9:45,746623
9/26/2023,9:50,732189
9/26/2023,9:55,717920
9/26/2023,10:00,701964
9/26/2023,10:05,683909
9/26/2023,10:10,663834
9/26/2023,10:15,635319
9/26/2023,10:20,615602
9/26/2023,10:25,603950
9/26/2023,10:30,593858
9/26/2023,10:35,584238
9/26/2023,10:40,574878
9/26/2023,10:45,565766
9/26/2023,10:50,557694
9/26/2023,10:55,550034
9/26/2023,11:00,542522
9/26/2023,11:05,534614
9/26/2023,11:10,526727
9/26/2023,11:15,516946
9/26/2023,11:20,511578
9/26/2023,11:25,510785
9/26/2023,11:30,511376
9/26/2023,11:35,513251
9/26/2023,11:40,515665
9/26/2023,11:45,519060
9/26/2023,11:50,523433
9/26/2023,11:55,528709
9/26/2023,12:00,534373
9/26/2023,12:05,539771
9/26/2023,12:10,545025
9/26/2023,12:15,550845
9/26/2023,12:20,557963
9/26/2023,12:25,566790
9/26/2023,12:30,575777
9/26/2023,12:35,585045
9/26/2023,12:40,594750
9/26/2023,12:45,604224
9/26/2023,12:50,615104
9/26/2023,12:55,626485
9/26/2023,13:00,638214
9/26/2023,13:05,650837
9/26/2023,13:10,663303
9/26/2023,13:15,674034
9/26/2023,13:20,685981
9/26/2023,13:25,699331
9/26/2023,13:30,714055
9/26/2023,13:35,728851
9/26/2023,13:40,743783
9/26/2023,13:45,758838
9/26/2023,13:50,774355
9/26/2023,13:55,790179
9/26/2023,14:00,804628
9/26/2023,14:05,818956
9/26/2023,14:10,832704
9/26/2023,14:15,845577
9/26/2023,14:20,858644
9/26/2023,14:25,871021
9/26/2023,14:30,883698
9/26/2023,14:35,895440
9/26/2023,14:40,905499
9/26/2023,14:45,917675
9/26/2023,14:50,931691
9/26/2023,14:55,946242
9/26/2023,15:00,961900
9/26/2023,15:05,978324
9/26/2023,15:10,995877
9/26/2023,15:15,1014725
9/26/2023,15:20,1038426
9/26/2023,15:25,1067366
9/26/2023,15:30,1099493
9/26/2023,15:35,1132040
9/26/2023,15:40,1163956
9/26/2023,15:45,1195357
9/26/2023,15:50,1225649
9/26/2023,15:55,1255380
9/26/2023,16:00,1283009
9/26/2023,16:05,1309164
9/26/2023,16:10,1333227
9/26/2023,16:15,1356213
9/26/2023,16:20,1380593
9/26/2023,16:25,1404335
9/26/2023,16:30,1427011
9/26/2023,16:35,1450396
9/26/2023,16:40,1472076
9/26/2023,16:45,1492656
9/26/2023,16:50,1513321
9/26/2023,16:55,1530877
9/26/2023,17:00,1547981
9/26/2023,17:05,1564455
9/26/2023,17:10,1579144
9/26/2023,17:15,1594403
9/26/2023,17:20,1611699
9/26/2023,17:25,1629595
9/26/2023,17:30,1647157
9/26/2023,17:35,1667930
9/26/2023,17:40,1687272
9/26/2023,17:45,1707733
9/26/2023,17:50,1729538
9/26/2023,17:55,1750221
9/26/2023,18:00,1770022
9/26/2023,18:05,1788544
9/26/2023,18:10,1807833
9/26/2023,18:15,1824839
9/26/2023,18:20,1841458
9/26/2023,18:25,1859693
9/26/2023,18:30,1877647
9/26/2023,18:35,1893710
9/26/2023,18:40,1908818
9/26/2023,18:45,1923874
9/26/2023,18:50,1938468
9/26/2023,18:55,1950461
9/26/2023,19:00,1961966
9/26/2023,19:05,1972557
9/26/2023,19:10,1982039
9/26/2023,19:15,1991408
9/26/2023,19:20,2000474
9/26/2023,19:25,2008429
9/26/2023,19:30,2015649
9/26/2023,19:35,2020409
9/26/2023,19:40,2022646
9/26/2023,19:45,2025001
9/26/2023,19:50,2026703
9/26/2023,19:55,2025608
9/26/2023,20:00,2021910
9/26/2023,20:05,2018526
9/26/2023,20:10,2013365
9/26/2023,20:15,2006559
9/26/2023,20:20,1999104
9/26/2023,20:25,1992828
9/26/2023,20:30,1985688
9/26/2023,20:35,1976913
9/26/2023,20:40,1967055
9/26/2023,20:45,1958549
9/26/2023,20:50,1951091
9/26/2023,20:55,1946330
9/26/2023,21:00,1940678
9/26/2023,21:05,1935248
9/26/2023,21:10,1932295
9/26/2023,21:15,1930803
9/26/2023,21:20,1932774
9/26/2023,21:25,1938571
9/26/2023,21:30,1948144
9/26/2023,21:35,1960782
9/26/2023,21:40,1975930
9/26/2023,21:45,1993510
9/26/2023,21:50,2014702
9/26/2023,21:55,2038957
9/26/2023,22:00,2064683
9/26/2023,22:05,2094267
9/26/2023,22:10,2125258
9/26/2023,22:15,2156796
9/26/2023,22:20,2191956
9/26/2023,22:25,2228217
9/26/2023,22:30,2264391
9/26/2023,22:35,2302022
9/26/2023,22:40,2340931
9/26/2023,22:45,2378723
9/26/2023,22:50,2418806
9/26/2023,22:55,2459563
9/26/2023,23:00,2498324
9/26/2023,23:05,2536340
9/26/2023,23:10,2568778
9/26/2023,23:15,2601320
9/26/2023,23:20,2634410
9/26/2023,23:25,2668378
9/26/2023,23:30,2700090
9/26/2023,23:35,2728961
9/26/2023,23:40,2753065
9/26/2023,23:45,2772019
9/26/2023,23:50,2791007
9/26/2023,23:55,2811376
9/27/2023,0:00,2825539
9/27/2023,0:05,2837721
9/27/2023,0:10,2852422
9/27/2023,0:15,2864151
9/27/2023,0:20,2877250
9/27/2023,0:25,2887896
9/27/2023,0:30,2896911
9/27/2023,0:35,2902905
9/27/2023,0:40,2906402
9/27/2023,0:45,2908618
9/27/2023,0:50,2908153
9/27/2023,0:55,2905052
9/27/2023,1:00,2896361
9/27/2023,1:05,2884967
9/27/2023,1:10,0
9/27/2023,1:15,2843331
9/27/2023,1:20,2821455
9/27/2023,1:25,2764946
9/27/2023,1:30,2762317
9/27/2023,1:35,2665133
9/27/2023,1:40,2703497
9/27/2023,1:45,2674520
9/27/2023,1:50,2644784
9/27/2023,1:55,2611738
9/27/2023,2:00,2574425
9/27/2023,2:05,2533411
9/27/2023,2:10,2486220
9/27/2023,2:15,2436324
9/27/2023,2:20,2392930
9/27/2023,2:25,2352222
9/27/2023,2:30,2312011
9/27/2023,2:35,2271082
9/27/2023,2:40,2226355
9/27/2023,2:45,2181459
9/27/2023,2:50,2139426
9/27/2023,2:55,2097329
9/27/2023,3:00,2055400
9/27/2023,3:05,2012241
9/27/2023,3:10,1966391
9/27/2023,3:15,1921587
9/27/2023,3:20,1880761
9/27/2023,3:25,1839462
9/27/2023,3:30,1796723
9/27/2023,3:35,1755933
9/27/2023,3:40,1717737
9/27/2023,3:45,1683925
9/27/2023,3:50,1654374
9/27/2023,3:55,1625115
9/27/2023,4:00,1597387
9/27/2023,4:05,1569216
9/27/2023,4:10,1544806
9/27/2023,4:15,1515099
9/27/2023,4:20,1496752
9/27/2023,4:25,1474362
9/27/2023,4:30,1454561
9/27/2023,4:35,1435082
9/27/2023,4:40,1417596
9/27/2023,4:45,1401992
9/27/2023,4:50,1387476
9/27/2023,4:55,1372160
9/27/2023,5:00,1354695
9/27/2023,5:05,1342838
9/27/2023,5:10,1328038
9/27/2023,5:15,1313124
9/27/2023,5:20,1299670
9/27/2023,5:25,1286939
9/27/2023,5:30,1274888
9/27/2023,5:35,1262877
9/27/2023,5:40,1251384
9/27/2023,5:45,1239942
9/27/2023,5:50,1229147
9/27/2023,5:55,1218313
9/27/2023,6:00,1207987
9/27/2023,6:05,1197234
9/27/2023,6:10,1186595
9/27/2023,6:15,1175848
9/27/2023,6:20,1165692
9/27/2023,6:25,1156437
9/27/2023,6:30,1146804
9/27/2023,6:35,1138191
9/27/2023,6:40,1129547
9/27/2023,6:45,1120781
9/27/2023,6:50,1112041
9/27/2023,6:55,1103585
9/27/2023,7:00,1095109
9/27/2023,7:05,1085566
9/27/2023,7:10,1076806
9/27/2023,7:15,1067196
9/27/2023,7:20,1058273
9/27/2023,7:25,1050095
9/27/2023,7:30,1042018
9/27/2023,7:35,1033415
9/27/2023,7:40,1024754
9/27/2023,7:45,1015998
9/27/2023,7:50,1008181
9/27/2023,7:55,999739
9/27/2023,8:00,990585
9/27/2023,8:05,981262
9/27/2023,8:10,971069
9/27/2023,8:15,961135
9/27/2023,8:20,951849
9/27/2023,8:25,942778
9/27/2023,8:30,932843
9/27/2023,8:35,923347
9/27/2023,8:40,912190
9/27/2023,8:45,903067
9/27/2023,8:50,892916
9/27/2023,8:55,882929
9/27/2023,9:00,871676
9/27/2023,9:05,859382
9/27/2023,9:10,847258
9/27/2023,9:15,832904
9/27/2023,9:20,820331
9/27/2023,9:25,807613
9/27/2023,9:30,794780
9/27/2023,9:35,781698
9/27/2023,9:40,767918
9/27/2023,9:45,752994
9/27/2023,9:50,738135
9/27/2023,9:55,722969
9/27/2023,10:00,705905
9/27/2023,10:05,685918
9/27/2023,10:10,663602
9/27/2023,10:15,633131
9/27/2023,10:20,613873
9/27/2023,10:25,601372
9/27/2023,10:30,590751
9/27/2023,10:35,580757
9/27/2023,10:40,571620
9/27/2023,10:45,562554
9/27/2023,10:50,554992
9/27/2023,10:55,547574
9/27/2023,11:00,540212
9/27/2023,11:05,532314
9/27/2023,11:10,524326
9/27/2023,11:15,512755
9/27/2023,11:20,507348
9/27/2023,11:25,505938
9/27/2023,11:30,505517
9/27/2023,11:35,506234
9/27/2023,11:40,508765
9/27/2023,11:45,511307
9/27/2023,11:50,514551
9/27/2023,11:55,518619
9/27/2023,12:00,523110
9/27/2023,12:05,528055
9/27/2023,12:10,533158
9/27/2023,12:15,537734
9/27/2023,12:20,544745
9/27/2023,12:25,552402
9/27/2023,12:30,560548
9/27/2023,12:35,569536
9/27/2023,12:40,578258
9/27/2023,12:45,587775
9/27/2023,12:50,598269
9/27/2023,12:55,609388
9/27/2023,13:00,620981
9/27/2023,13:05,633653
9/27/2023,13:10,646878
9/27/2023,13:15,660134
9/27/2023,13:20,674472
9/27/2023,13:25,689762
9/27/2023,13:30,705857
9/27/2023,13:35,722382
9/27/2023,13:40,737957
9/27/2023,13:45,754100
9/27/2023,13:50,770782
9/27/2023,13:55,785919
9/27/2023,14:00,801076
9/27/2023,14:05,815410
9/27/2023,14:10,828807
9/27/2023,14:15,842188
9/27/2023,14:20,855786
9/27/2023,14:25,869352
9/27/2023,14:30,882713
9/27/2023,14:35,895799
9/27/2023,14:40,908943
9/27/2023,14:45,923421
9/27/2023,14:50,938192
9/27/2023,14:55,953647
9/27/2023,15:00,970065
9/27/2023,15:05,986141
9/27/2023,15:10,1003531
9/27/2023,15:15,1022892
9/27/2023,15:20,1047741
9/27/2023,15:25,1077512
9/27/2023,15:30,1109404
9/27/2023,15:35,1141662
9/27/2023,15:40,1174836
9/27/2023,15:45,1207046
9/27/2023,15:50,1238706
9/27/2023,15:55,1269430
9/27/2023,16:00,1298910
9/27/2023,16:05,1326320
9/27/2023,16:10,1353486
9/27/2023,16:15,1376835
9/27/2023,16:20,1405865
9/27/2023,16:25,1432619
9/27/2023,16:30,1458683
9/27/2023,16:35,1483764
9/27/2023,16:40,1507359
9/27/2023,16:45,1528133
9/27/2023,16:50,1547931
9/27/2023,16:55,1569540
9/27/2023,17:00,1589031
9/27/2023,17:05,1608040
9/27/2023,17:10,1626416
9/27/2023,17:15,1644950
9/27/2023,17:20,1665490
9/27/2023,17:25,1686145
9/27/2023,17:30,1709154
9/27/2023,17:35,1730449
9/27/2023,17:40,1751667
9/27/2023,17:45,1772485
9/27/2023,17:50,1794557
9/27/2023,17:55,1817318
9/27/2023,18:00,1838933
9/27/2023,18:05,1860646
9/27/2023,18:10,1880893
9/27/2023,18:15,1900910
9/27/2023,18:20,1921243
9/27/2023,18:25,1939207
9/27/2023,18:30,1958045
9/27/2023,18:35,1975169
9/27/2023,18:40,1987268
9/27/2023,18:45,2000175
9/27/2023,18:50,2015559
9/27/2023,18:55,2030178
9/27/2023,19:00,2045253
9/27/2023,19:05,2058165
9/27/2023,19:10,2070191
9/27/2023,19:15,2081815
9/27/2023,19:20,2093452
9/27/2023,19:25,2105352
9/27/2023,19:30,2114066
9/27/2023,19:35,2122396
9/27/2023,19:40,2127701
9/27/2023,19:45,2132849
9/27/2023,19:50,2137682
9/27/2023,19:55,2140997
9/27/2023,20:00,2139935
9/27/2023,20:05,2136624
9/27/2023,20:10,2130826
9/27/2023,20:15,2124538
9/27/2023,20:20,2117516
9/27/2023,20:25,2108787
9/27/2023,20:30,2100885
9/27/2023,20:35,2090896
9/27/2023,20:40,2078506
9/27/2023,20:45,2067471
9/27/2023,20:50,2058149
9/27/2023,20:55,2049869
9/27/2023,21:00,2043153
9/27/2023,21:05,2017597
9/27/2023,21:10,2017580
9/27/2023,21:15,2011576
9/27/2023,21:20,2015001
9/27/2023,21:25,2024370
9/27/2023,21:30,2037486
9/27/2023,21:35,2053722
9/27/2023,21:40,2070837
9/27/2023,21:45,2092710
9/27/2023,21:50,2117724
9/27/2023,21:55,2144605
9/27/2023,22:00,2174388
9/27/2023,22:05,2206034
9/27/2023,22:10,2238724
9/27/2023,22:15,2272527
9/27/2023,22:20,2311108
9/27/2023,22:25,2351002
9/27/2023,22:30,2393278
9/27/2023,22:35,2434882
9/27/2023,22:40,2473729
9/27/2023,22:45,2513236
9/27/2023,22:50,2555291
9/27/2023,22:55,2596604
9/27/2023,23:00,2638635
9/27/2023,23:05,2678599
9/27/2023,23:10,2713211
9/27/2023,23:15,2748688
9/27/2023,23:20,2779455
9/27/2023,23:25,2816023
9/27/2023,23:30,2844486
9/27/2023,23:35,2879567
9/27/2023,23:40,2907523
9/27/2023,23:45,2937252
9/27/2023,23:50,2964245
9/27/2023,22:15,2272527
9/28/2023,22:20,2311108
9/28/2023,22:25,2351002
9/28/2023,22:30,2393278
9/28/2023,22:35,2434882
9/28/2023,22:40,2473729
9/28/2023,22:45,2513236
9/28/2023,22:50,2555291
9/28/2023,22:55,2596604
9/28/2023,23:00,2638635
9/28/2023,23:05,2678599
9/28/2023,23:10,2713211
9/28/2023,23:15,2748688
9/28/2023,23:20,2779455
9/28/2023,23:25,2816023
9/28/2023,23:30,2844486
9/28/2023,23:35,2879567
9/28/2023,23:40,2907523
9/28/2023,23:45,2937252
9/28/2023,23:50,2964245
9/28/2023,23:55,2987957
9/28/2023,0:00,3012006
9/28/2023,0:05,3030507
9/28/2023,0:10,3047674
9/28/2023,0:15,3060239
9/28/2023,0:20,3073422
9/28/2023,0:25,3084627
9/28/2023,0:30,3095855
9/28/2023,0:35,3103776
9/28/2023,0:40,3109572
9/28/2023,0:45,3116546
9/28/2023,0:50,3111095
9/28/2023,0:55,3088216
9/28/2023,1:00,3086775
9/28/2023,1:05,3089276
9/28/2023,1:10,3080310
9/28/2023,1:15,0
9/28/2023,1:20,3031895
9/28/2023,1:25,3037426
9/28/2023,1:30,3036011
9/28/2023,1:35,3028843
9/28/2023,1:40,3017952
9/28/2023,1:45,2973813
9/28/2023,1:50,2946852
9/28/2023,1:55,2940531
9/28/2023,2:00,2923019
9/28/2023,2:05,2903393
9/28/2023,2:10,2880876
9/28/2023,2:15,2857591
9/28/2023,2:20,2833659
9/28/2023,2:25,2808993
9/28/2023,2:30,2783229
9/28/2023,2:35,2756626
9/28/2023,2:40,2726838
9/28/2023,2:45,2693411
9/28/2023,2:50,2662286
9/28/2023,2:55,2629322
9/28/2023,3:00,0
9/28/2023,3:05,2536116
9/28/2023,3:10,2494913
9/28/2023,3:15,2494913
9/28/2023,3:20,2452319
9/28/2023,3:25,2379414
9/28/2023,3:30,2344792
9/28/2023,3:35,2311247
9/28/2023,3:40,2278173
9/28/2023,3:45,2278173
9/28/2023,3:50,2212985
9/28/2023,3:55,2177024
9/28/2023,4:00,2177024
9/28/2023,4:05,2106013
9/28/2023,4:10,2073919
9/28/2023,4:15,2073919
9/28/2023,4:20,2011034
9/28/2023,4:25,1981844
9/28/2023,4:30,1953219
9/28/2023,4:35,1926153
9/28/2023,4:40,1899737
9/28/2023,4:45,1873113
9/28/2023,4:50,1848461
9/28/2023,4:55,1823251
9/28/2023,5:00,1823251
9/28/2023,5:05,1772342
9/28/2023,5:10,1745382
9/28/2023,5:15,1745382
9/28/2023,5:20,1717206
9/28/2023,5:25,1693189
9/28/2023,5:30,1669981
9/28/2023,5:35,1648445
9/28/2023,5:40,1626721
9/28/2023,5:45,1606125
9/28/2023,5:50,1586389
9/28/2023,5:55,1567515
9/28/2023,6:00,1548590
9/28/2023,6:05,1529907
9/28/2023,6:10,1510709
9/28/2023,6:15,1491329
9/28/2023,6:20,1472041
9/28/2023,6:25,1454105
9/28/2023,6:30,1437124
9/28/2023,6:35,1421027
9/28/2023,6:40,1404153
9/28/2023,6:45,1388612
9/28/2023,6:50,1374095
9/28/2023,6:55,1360487
9/28/2023,7:00,1345657
9/28/2023,7:05,1331527
9/28/2023,7:10,1317685
9/28/2023,7:15,1303685
9/28/2023,7:20,1288950
9/28/2023,7:25,1275631
9/28/2023,7:30,1263561
9/28/2023,7:35,1251009
9/28/2023,7:40,1239337
9/28/2023,7:45,1228132
9/28/2023,7:50,1217126
9/28/2023,7:55,1205962
9/28/2023,8:00,1195295
9/28/2023,8:05,1184050
9/28/2023,8:10,1173060
9/28/2023,8:15,1161216
9/28/2023,8:20,1149611
9/28/2023,8:25,1138036
9/28/2023,8:30,1126202
9/28/2023,8:35,1114900
9/28/2023,8:40,1103150
9/28/2023,8:45,1091645
9/28/2023,8:50,1079225
9/28/2023,8:55,1067742
9/28/2023,9:00,1055451
9/28/2023,9:05,1042229
9/28/2023,9:10,1028497
9/28/2023,9:15,1012795
9/28/2023,9:20,995098
9/28/2023,9:25,979562
9/28/2023,9:30,964588
9/28/2023,9:35,949171
9/28/2023,9:40,933192
9/28/2023,9:45,916575
9/28/2023,9:50,898961
9/28/2023,9:55,882499
9/28/2023,10:00,863598
9/28/2023,10:05,842336
9/28/2023,10:10,816605
9/28/2023,10:15,787903
9/28/2023,10:20,748017
9/28/2023,10:25,727837
9/28/2023,10:30,713636
9/28/2023,10:35,701526
9/28/2023,10:40,690175
9/28/2023,10:45,678763
9/28/2023,10:50,667881
9/28/2023,10:55,658675
9/28/2023,11:00,648836
9/28/2023,11:05,638891
9/28/2023,11:10,627280
9/28/2023,11:15,615562
9/28/2023,11:20,601156
9/28/2023,11:25,595566
9/28/2023,11:30,593516
9/28/2023,11:35,593131
9/28/2023,11:40,593199
9/28/2023,11:45,594060
9/28/2023,11:50,595764
9/28/2023,11:55,598982
9/28/2023,12:00,601562
9/28/2023,12:05,604562
9/28/2023,12:10,608421
9/28/2023,12:15,613213
9/28/2023,12:20,617370
9/28/2023,12:25,624502
9/28/2023,12:30,633326
9/28/2023,12:35,642944
9/28/2023,12:40,652645
9/28/2023,12:45,663068
9/28/2023,12:50,674084
9/28/2023,12:55,686818
9/28/2023,13:00,699444
9/28/2023,13:05,712627
9/28/2023,13:10,726078
9/28/2023,13:15,740187
9/28/2023,13:20,754897
9/28/2023,13:25,770241
9/28/2023,13:30,786411
9/28/2023,13:35,803154
9/28/2023,13:40,820116
9/28/2023,13:45,837625
9/28/2023,13:50,854702
9/28/2023,13:55,872602
9/28/2023,14:00,889469
9/28/2023,14:05,906660
9/28/2023,14:10,923987
9/28/2023,14:15,939727
9/28/2023,14:20,954018
9/28/2023,14:25,969246
9/28/2023,14:30,986070
9/28/2023,14:35,1002271
9/28/2023,14:40,1017408
9/28/2023,14:45,1032248
9/28/2023,14:50,1046811
9/28/2023,14:55,1061669
9/28/2023,15:00,1076625
9/28/2023,15:05,1092319
9/28/2023,15:10,1107643
9/28/2023,15:15,1124332
9/28/2023,15:20,1140464
9/28/2023,15:25,1164357
9/28/2023,15:30,1191426
9/28/2023,15:35,1222430
9/28/2023,15:40,1254197
9/28/2023,15:45,1285717
9/28/2023,15:50,1318973
9/28/2023,15:55,1352803
9/28/2023,16:00,1389420
9/28/2023,16:05,1426857
9/28/2023,16:10,1463370
9/28/2023,16:15,1501034
9/28/2023,16:20,1539892
9/28/2023,16:25,1578989
9/28/2023,16:30,1622430
9/28/2023,16:35,1663520
9/28/2023,16:40,1704657
9/28/2023,16:45,1746846
9/28/2023,16:50,1789093
9/28/2023,16:55,1831775
9/28/2023,17:00,1871594
9/28/2023,17:05,1912145
9/28/2023,17:10,1942965
9/28/2023,17:15,1991163
9/28/2023,17:20,2028584
9/28/2023,17:25,2067632
9/28/2023,17:30,2107830
9/28/2023,17:35,2145868
9/28/2023,17:40,2179871
9/28/2023,17:45,2210748
9/28/2023,17:50,2239054
9/28/2023,17:55,2266401
9/28/2023,18:00,2290884
9/28/2023,18:05,2315465
9/28/2023,18:10,2340077
9/28/2023,18:15,2365019
9/28/2023,18:20,2388414
9/28/2023,18:25,2411021
9/28/2023,18:30,2434225
9/28/2023,18:35,2457229
9/28/2023,18:40,2478411
9/28/2023,18:45,2498272
9/28/2023,18:50,2516387
9/28/2023,18:55,2532085
9/28/2023,19:00,2546602
9/28/2023,19:05,2559277
9/28/2023,19:10,2567789
9/28/2023,19:15,2575538
9/28/2023,19:20,2583971
9/28/2023,19:25,2591577
9/28/2023,19:30,2595688
9/28/2023,19:35,2598078
9/28/2023,19:40,2598329
9/28/2023,19:45,2596698
9/28/2023,19:50,2593605
9/28/2023,19:55,2589291
9/28/2023,20:00,2583278
9/28/2023,20:05,2572926
9/28/2023,20:10,2559289
9/28/2023,20:15,2546269
9/28/2023,20:20,2528782
9/28/2023,20:25,2510685
9/28/2023,20:30,2492324
9/28/2023,20:35,2473301
9/28/2023,20:40,2450252
9/28/2023,20:45,2426322
9/28/2023,20:50,2403154
9/28/2023,20:55,2381846
9/28/2023,21:00,2361607
9/28/2023,21:05,2344185
9/28/2023,21:10,2326098
9/28/2023,21:15,2311273
9/28/2023,21:20,2299228
9/28/2023,21:25,2293052
9/28/2023,21:30,2290821
9/28/2023,21:35,2291744
9/28/2023,21:40,2296845
9/28/2023,21:45,2305497
9/28/2023,21:50,2318946
9/28/2023,21:55,2335719
9/28/2023,22:00,2355549
9/28/2023,22:05,2374618
9/28/2023,22:10,2400115
9/28/2023,22:15,2427025
9/29/2023,22:20,2455459
9/29/2023,22:25,2485390
9/29/2023,22:30,2518739
9/29/2023,22:35,2552531
9/29/2023,22:40,2587269
9/29/2023,22:45,2621769
9/29/2023,22:50,2656778
9/29/2023,22:55,2689532
9/29/2023,23:00,2725398
9/29/2023,23:05,2757964
9/29/2023,23:10,2792366
9/29/2023,23:15,2825850
9/29/2023,23:20,2858783
9/29/2023,23:25,2892565
9/29/2023,23:30,2920452
9/29/2023,23:35,2949969
9/29/2023,23:40,2976447
9/29/2023,23:45,2997522
9/29/2023,23:50,0
9/29/2023,23:55,3027480
9/29/2023,0:00,3045891
9/29/2023,0:05,3062436
9/29/2023,0:10,3072807
9/29/2023,0:15,3077791
9/29/2023,0:20,3087478
9/29/2023,0:25,3104336
9/29/2023,0:30,3123387
9/29/2023,0:35,3138533
9/29/2023,0:40,3150352
9/29/2023,0:45,3159382
9/29/2023,0:50,3165053
9/29/2023,0:55,3169491
9/29/2023,1:00,2955593
9/29/2023,1:05,2881225
9/29/2023,1:10,2848542
9/29/2023,1:15,2842299
9/29/2023,1:20,2855074
9/29/2023,1:25,2879852
9/29/2023,1:30,2909205
9/29/2023,1:35,2934151
9/29/2023,1:40,2951781
9/29/2023,1:45,2957216
9/29/2023,1:50,2957590
9/29/2023,1:55,2954856
9/29/2023,2:00,2947175
9/29/2023,2:05,2938436
9/29/2023,2:10,2925666
9/29/2023,2:15,2906862
9/29/2023,2:20,2885764
9/29/2023,2:25,2862768
9/29/2023,2:30,2843223
9/29/2023,2:35,2822115
9/29/2023,2:40,2797176
9/29/2023,2:45,2768678
9/29/2023,2:50,2740575
9/29/2023,2:55,2711807
9/29/2023,3:00,2681368
9/29/2023,3:05,2647651
9/29/2023,3:10,2611586
9/29/2023,3:15,2571513
9/29/2023,3:20,2531559
9/29/2023,3:25,2498186
9/29/2023,3:30,2466147
9/29/2023,3:35,2434687
9/29/2023,3:40,2402789
9/29/2023,3:45,2371990
9/29/2023,3:50,2342291
9/29/2023,3:55,2311480
9/29/2023,4:00,2281896
9/29/2023,4:05,2252728
9/29/2023,4:10,2223136
9/29/2023,4:15,2190250
9/29/2023,4:20,2157778
9/29/2023,4:25,2128522
9/29/2023,4:30,2092255
9/29/2023,4:35,2068010
9/29/2023,4:40,2044226
9/29/2023,4:45,2018583
9/29/2023,4:50,1991834
9/29/2023,4:55,1966050
9/29/2023,5:00,1940441
9/29/2023,5:05,1912776
9/29/2023,5:10,1887683
9/29/2023,5:15,1862778
9/29/2023,5:20,1836605
9/29/2023,5:25,1812115
9/29/2023,5:30,1788035
9/29/2023,5:35,1765061
9/29/2023,5:40,1742272
9/29/2023,5:45,1719803
9/29/2023,5:50,1697568
9/29/2023,5:55,1675653
9/29/2023,6:00,1654518
9/29/2023,6:05,1634470
9/29/2023,6:10,1613691
9/29/2023,6:15,1593625
9/29/2023,6:20,1573758
9/29/2023,6:25,1553895
9/29/2023,6:30,1535294
9/29/2023,6:35,1517432
9/29/2023,6:40,1499237
9/29/2023,6:45,1481762
9/29/2023,6:50,1464831
9/29/2023,6:55,1449164
9/29/2023,7:00,1433526
9/29/2023,7:05,1417553
9/29/2023,7:10,1402407
9/29/2023,7:15,1386478
9/29/2023,7:20,1371073
9/29/2023,7:25,1356410
9/29/2023,7:30,1343135
9/29/2023,7:35,1329761
9/29/2023,7:40,1315112
9/29/2023,7:45,1301871
9/29/2023,7:50,1288927
9/29/2023,7:55,1276730
9/29/2023,8:00,1263476
9/29/2023,8:05,1251006
9/29/2023,8:10,1237609
9/29/2023,8:15,1223057
9/29/2023,8:20,1208744
9/29/2023,8:25,1195601
9/29/2023,8:30,1183120
9/29/2023,8:35,1171123
9/29/2023,8:40,1158722
9/29/2023,8:45,1146584
9/29/2023,8:50,1133747
9/29/2023,8:55,1122040
9/29/2023,9:00,1110849
9/29/2023,9:05,1099720
9/29/2023,9:10,1087315
9/29/2023,9:15,1072215
9/29/2023,9:20,1055273
9/29/2023,9:25,1038982
9/29/2023,9:30,1023240
9/29/2023,9:35,1008089
9/29/2023,9:40,991984
9/29/2023,9:45,975162
9/29/2023,9:50,957671
9/29/2023,9:55,940603
9/29/2023,10:00,922503
9/29/2023,10:05,901797
9/29/2023,10:10,876195
9/29/2023,10:15,847149
9/29/2023,10:20,805666
9/29/2023,10:25,783985
9/29/2023,10:30,769202
9/29/2023,10:35,756726
9/29/2023,10:40,743832
9/29/2023,10:45,731682
9/29/2023,10:50,719617
9/29/2023,10:55,709169
9/29/2023,11:00,698357
9/29/2023,11:05,687376
9/29/2023,11:10,674290
9/29/2023,11:15,661170
9/29/2023,11:20,644073
9/29/2023,11:25,636981
9/29/2023,11:30,634190
9/29/2023,11:35,631939
9/29/2023,11:40,630471
9/29/2023,11:45,630143
9/29/2023,11:50,631012
9/29/2023,11:55,632633
9/29/2023,12:00,635030
9/29/2023,12:05,637953
9/29/2023,12:10,642049
9/29/2023,12:15,645972
9/29/2023,12:20,650489
9/29/2023,12:25,657247
9/29/2023,12:30,664832
9/29/2023,12:35,673476
9/29/2023,12:40,682735
9/29/2023,12:45,692734
9/29/2023,12:50,703763
9/29/2023,12:55,715611
9/29/2023,13:00,727824
9/29/2023,13:05,741078
9/29/2023,13:10,754846
9/29/2023,13:15,769439
9/29/2023,13:20,784515
9/29/2023,13:25,801517
9/29/2023,13:30,818789
9/29/2023,13:35,836580
9/29/2023,13:40,854680
9/29/2023,13:45,872567
9/29/2023,13:50,891255
9/29/2023,13:55,909920
9/29/2023,14:00,928574
9/29/2023,14:05,945912
9/29/2023,14:10,962489
9/29/2023,14:15,978750
9/29/2023,14:20,995120
9/29/2023,14:25,1011751
9/29/2023,14:30,1027713
9/29/2023,14:35,1043626
9/29/2023,14:40,1059763
9/29/2023,14:45,1074683
9/29/2023,14:50,1089469
9/29/2023,14:55,1105021
9/29/2023,15:00,1121141
9/29/2023,15:05,1136844
9/29/2023,15:10,1151527
9/29/2023,15:15,1167938
9/29/2023,15:20,1184432
9/29/2023,15:25,1207650
9/29/2023,15:30,1235052
9/29/2023,15:35,1266020
9/29/2023,15:40,1299645
9/29/2023,15:45,1334219
9/29/2023,15:50,1370031
9/29/2023,15:55,1406606
9/29/2023,16:00,1444249
9/29/2023,16:05,1484277
9/29/2023,16:10,1522394
9/29/2023,16:15,1561802
9/29/2023,16:20,1602925
9/29/2023,16:25,1648893
9/29/2023,16:30,1694944
9/29/2023,16:35,1741203
9/29/2023,16:40,1783911
9/29/2023,16:45,1825870
9/29/2023,16:50,1868699
9/29/2023,16:55,1915816
9/29/2023,17:00,1965789
9/29/2023,17:05,2014665
9/29/2023,17:10,2061510
9/29/2023,17:15,2107746
9/29/2023,17:20,2132687
9/29/2023,17:25,2182277
9/29/2023,17:30,2226756
9/29/2023,17:35,2267203
9/29/2023,17:40,2310020
9/29/2023,17:45,2352718
9/29/2023,17:50,2393236
9/29/2023,17:55,2430716
9/29/2023,18:00,2467493
9/29/2023,18:05,2501689
9/29/2023,18:10,2532295
9/29/2023,18:15,2560282
9/29/2023,18:20,2586492
9/29/2023,18:25,2611734
9/29/2023,18:30,2636311
9/29/2023,18:35,2658161
9/29/2023,18:40,2678710
9/29/2023,18:45,2697686
9/29/2023,18:50,2716593
9/29/2023,18:55,2733669
9/29/2023,19:00,2748195
9/29/2023,19:05,2760452
9/29/2023,19:10,2768951
9/29/2023,19:15,2776394
9/29/2023,19:20,2781909
9/29/2023,19:25,2785457
9/29/2023,19:30,2788240
9/29/2023,19:35,2790425
9/29/2023,19:40,2787806
9/29/2023,19:45,2780980
9/29/2023,19:50,2773502
9/29/2023,19:55,2765404
9/29/2023,20:00,2752762
9/29/2023,20:05,2738527
9/29/2023,20:10,2720747
9/29/2023,20:15,2700088
9/29/2023,20:20,2674327
9/29/2023,20:25,2648816
9/29/2023,20:30,2620813
9/29/2023,20:35,2592384
9/29/2023,20:40,2559714
9/29/2023,20:45,2529461
9/29/2023,20:50,2500827
9/29/2023,20:55,2474449
9/29/2023,21:00,2447444
9/29/2023,21:05,2420979
9/29/2023,21:10,2395639
9/29/2023,21:15,2370422
9/29/2023,21:20,2349108
9/29/2023,21:25,2333733
9/29/2023,21:30,2322701
9/29/2023,21:35,2316289
9/29/2023,21:40,2313521
9/29/2023,21:45,2313749
9/29/2023,21:50,2316898
9/29/2023,21:55,2326819
9/29/2023,22:00,2340005
9/29/2023,22:05,2355742
9/29/2023,22:10,2374659
9/29/2023,22:15,2395839
9/30/2023,22:20,2418726
9/30/2023,22:25,2446440
9/30/2023,22:30,2476594
9/30/2023,22:35,2507198
9/30/2023,22:40,2538778
9/30/2023,22:45,2570176
9/30/2023,22:50,2603407
9/30/2023,22:55,2636705
9/30/2023,23:00,2668243
9/30/2023,23:05,2698090
9/30/2023,23:10,2730133
9/30/2023,23:15,2759902
9/30/2023,23:20,2788903
9/30/2023,23:25,2819599
9/30/2023,23:30,2849789
9/30/2023,23:35,2876851
9/30/2023,23:40,2901483
9/30/2023,23:45,2924736
9/30/2023,23:50,2947148
9/30/2023,23:55,2968382
9/30/2023,0:00,2985632
9/30/2023,0:05,2994363
9/30/2023,0:10,2997967
9/30/2023,0:15,3003117
9/30/2023,0:20,3007783
9/30/2023,0:25,3009977
9/30/2023,0:30,3018843
9/30/2023,0:35,3024752
9/30/2023,0:40,3028424
9/30/2023,0:45,3027933
9/30/2023,0:50,3023341
9/30/2023,0:55,0
9/30/2023,1:00,3005968
9/30/2023,1:05,2994013
9/30/2023,1:10,2975412
9/30/2023,1:15,2954101
9/30/2023,1:20,2927698
9/30/2023,1:25,2905245
9/30/2023,1:30,2879050
9/30/2023,1:35,2851427
9/30/2023,1:40,2820051
9/30/2023,1:45,2785013
9/30/2023,1:50,2749391
9/30/2023,1:55,2712603
9/30/2023,2:00,2671654
9/30/2023,2:05,2628791
9/30/2023,2:10,2583740
9/30/2023,2:15,2536441
9/30/2023,2:20,2489332
9/30/2023,2:25,2447416
9/30/2023,2:30,2403063
9/30/2023,2:35,2361128
9/30/2023,2:40,2317121
9/30/2023,2:45,2271533
9/30/2023,2:50,2228081
9/30/2023,2:55,2186733
9/30/2023,3:00,2146140
9/30/2023,3:05,2103916
9/30/2023,3:10,2059407
9/30/2023,3:15,2015001
9/30/2023,3:20,1971499
9/30/2023,3:25,1933247
9/30/2023,3:30,1896993
9/30/2023,3:35,1864602
9/30/2023,3:40,1831764
9/30/2023,3:45,1798142
9/30/2023,3:50,1770979
9/30/2023,3:55,1743171
9/30/2023,4:00,1715416
9/30/2023,4:05,1688342
9/30/2023,4:10,1661425
9/30/2023,4:15,1635515
9/30/2023,4:20,1610620
9/30/2023,4:25,1586393
9/30/2023,4:30,1562190
9/30/2023,4:35,1538117
9/30/2023,4:40,1517343
9/30/2023,4:45,1498859
9/30/2023,4:50,1479246
9/30/2023,4:55,1462431
9/30/2023,5:00,1445078
9/30/2023,5:05,1429511
9/30/2023,5:10,1412500
9/30/2023,5:15,1394711
9/30/2023,5:20,1378555
9/30/2023,5:25,1362866
9/30/2023,5:30,1348023
9/30/2023,5:35,1335452
9/30/2023,5:40,1322536
9/30/2023,5:45,1309329
9/30/2023,5:50,1297864
9/30/2023,5:55,1286705
9/30/2023,6:00,1274807
9/30/2023,6:05,1263777
9/30/2023,6:10,1252347
9/30/2023,6:15,1241061
9/30/2023,6:20,1230385
9/30/2023,6:25,1219880
9/30/2023,6:30,1210497
9/30/2023,6:35,1200357
9/30/2023,6:40,1191539
9/30/2023,6:45,1182471
9/30/2023,6:50,1173157
9/30/2023,6:55,1164950
9/30/2023,7:00,1155654
9/30/2023,7:05,1145963
9/30/2023,7:10,1136551
9/30/2023,7:15,1125214
9/30/2023,7:20,1114839
9/30/2023,7:25,1100539
9/30/2023,7:30,1087162
9/30/2023,7:35,1077441
9/30/2023,7:40,1067659
9/30/2023,7:45,1057460
9/30/2023,7:50,1047725
9/30/2023,7:55,1038720
9/30/2023,8:00,1028420
9/30/2023,8:05,1018467
9/30/2023,8:10,1007204
9/30/2023,8:15,995427
9/30/2023,8:20,983851
9/30/2023,8:25,972640
9/30/2023,8:30,960686
9/30/2023,8:35,949611
9/30/2023,8:40,938334
9/30/2023,8:45,927026
9/30/2023,8:50,915938
9/30/2023,8:55,904901
9/30/2023,9:00,893129
9/30/2023,9:05,880412
9/30/2023,9:10,867079
9/30/2023,9:15,852295
9/30/2023,9:20,835766
9/30/2023,9:25,821352
9/30/2023,9:30,806937
9/30/2023,9:35,792850
9/30/2023,9:40,778154
9/30/2023,9:45,763048
9/30/2023,9:50,747897
9/30/2023,9:55,732653
9/30/2023,10:00,716214
9/30/2023,10:05,697947
9/30/2023,10:10,676628
9/30/2023,10:15,651181
9/30/2023,10:20,621830
9/30/2023,10:25,605842
9/30/2023,10:30,593830
9/30/2023,10:35,583088
9/30/2023,10:40,572289
9/30/2023,10:45,562474
9/30/2023,10:50,552999
9/30/2023,10:55,544878
9/30/2023,11:00,537439
9/30/2023,11:05,529545
9/30/2023,11:10,520918
9/30/2023,11:15,511245
9/30/2023,11:20,500507
9/30/2023,11:25,496789
9/30/2023,11:30,495842
9/30/2023,11:35,495712
9/30/2023,11:40,495892
9/30/2023,11:45,497343
9/30/2023,11:50,499435
9/30/2023,11:55,502590
9/30/2023,12:00,505757
9/30/2023,12:05,510072
9/30/2023,12:10,514757
9/30/2023,12:15,520446
9/30/2023,12:20,526236
9/30/2023,12:25,533506
9/30/2023,12:30,542105
9/30/2023,12:35,550755
9/30/2023,12:40,559674
9/30/2023,12:45,568905
9/30/2023,12:50,579363
9/30/2023,12:55,590068
9/30/2023,13:00,601921
9/30/2023,13:05,613698
9/30/2023,13:10,625835
9/30/2023,13:15,638752
9/30/2023,13:20,649897
9/30/2023,13:25,664804
9/30/2023,13:30,679835
9/30/2023,13:35,695209
9/30/2023,13:40,710378
9/30/2023,13:45,726015
9/30/2023,13:50,740917
9/30/2023,13:55,755841
9/30/2023,14:00,770010
9/30/2023,14:05,783970
9/30/2023,14:10,798116
9/30/2023,14:15,811444
9/30/2023,14:20,824266
9/30/2023,14:25,837041
9/30/2023,14:30,849804
9/30/2023,14:35,862481
9/30/2023,14:40,875416
9/30/2023,14:45,887576
9/30/2023,14:50,899699
9/30/2023,14:55,913139
9/30/2023,15:00,926962
9/30/2023,15:05,941494
9/30/2023,15:10,957674
9/30/2023,15:15,973257
9/30/2023,15:20,993760
9/30/2023,15:25,1018253
9/30/2023,15:30,1044960
9/30/2023,15:35,1074966
9/30/2023,15:40,1104467
9/30/2023,15:45,1133808
9/30/2023,15:50,1163000
9/30/2023,15:55,1191076
9/30/2023,16:00,1216626
9/30/2023,16:05,1241641
9/30/2023,16:10,1266115
9/30/2023,16:15,1288191
9/30/2023,16:20,1310040
9/30/2023,16:25,1333181
9/30/2023,16:30,1356610
9/30/2023,16:35,1379347
9/30/2023,16:40,1400491
9/30/2023,16:45,1419354
9/30/2023,16:50,1438472
9/30/2023,16:55,1456840
9/30/2023,17:00,1473879
9/30/2023,17:05,1489857
9/30/2023,17:10,1506122
9/30/2023,17:15,1521358
9/30/2023,17:20,1538272
9/30/2023,17:25,1556139
9/30/2023,17:30,1574247
9/30/2023,17:35,1591861
9/30/2023,17:40,1611066
9/30/2023,17:45,1629004
9/30/2023,17:50,1650500
9/30/2023,17:55,1670794
9/30/2023,18:00,1689831
9/30/2023,18:05,1710079
9/30/2023,18:10,1729595
9/30/2023,18:15,1747593
9/30/2023,18:20,1765980
9/30/2023,18:25,1783918
9/30/2023,18:30,1801269
9/30/2023,18:35,1819297
9/30/2023,18:40,1836496
9/30/2023,18:45,1852541
9/30/2023,18:50,1869223
9/30/2023,18:55,1884214
9/30/2023,19:00,1899251
9/30/2023,19:05,1912708
9/30/2023,19:10,1924393
9/30/2023,19:15,1936034
9/30/2023,19:20,1946714
9/30/2023,19:25,1956954
9/30/2023,19:30,1968229
9/30/2023,19:35,1976698
9/30/2023,19:40,1982664
9/30/2023,19:45,1988271
9/30/2023,19:50,1993279
9/30/2023,19:55,1998161
9/30/2023,20:00,2001921
9/30/2023,20:05,2003784
9/30/2023,20:10,2002513
9/30/2023,20:15,1999250
9/30/2023,20:20,1993453
9/30/2023,20:25,1988447
9/30/2023,20:30,1983744
9/30/2023,20:35,1977917
9/30/2023,20:40,1970125
9/30/2023,20:45,1960848
9/30/2023,20:50,1952777
9/30/2023,20:55,1946230
9/30/2023,21:00,1939423
9/30/2023,21:05,1933395
9/30/2023,21:10,1927572
9/30/2023,21:15,1924528
9/30/2023,21:20,1923228
9/30/2023,21:25,1926898
9/30/2023,21:30,1934168
9/30/2023,21:35,1943437
9/30/2023,21:40,1955133
9/30/2023,21:45,1970078
9/30/2023,21:50,1988812
9/30/2023,21:55,2011171
9/30/2023,22:00,2035526
9/30/2023,22:05,2061485
9/30/2023,22:10,2090180
9/30/2023,22:15,2121936
10/1/2023,22:20,2155305
10/1/2023,22:25,2192140
10/1/2023,22:30,2229261
10/1/2023,22:35,2269319
10/1/2023,22:40,2307657
10/1/2023,22:45,2348137
10/1/2023,22:50,2388188
10/1/2023,22:55,2428546
10/1/2023,23:00,2467729
10/1/2023,23:05,2506192
10/1/2023,23:10,2542603
10/1/2023,23:15,2577428
10/1/2023,23:20,2611871
10/1/2023,23:25,2646531
10/1/2023,23:30,2681177
10/1/2023,23:35,2713016
10/1/2023,23:40,2740226
10/1/2023,23:45,2763078
10/1/2023,23:50,2788094
10/1/2023,23:55,2812129
10/1/2023,0:00,2832690
10/1/2023,0:05,2848451
10/1/2023,0:10,2859461
10/1/2023,0:15,2869481
10/1/2023,0:20,2877454
10/1/2023,0:25,2890136
10/1/2023,0:30,2901927
10/1/2023,0:35,2910975
10/1/2023,0:40,2916008
10/1/2023,0:45,2917660
10/1/2023,0:50,2914935
10/1/2023,0:55,2911475
10/1/2023,1:00,2902392
10/1/2023,1:05,2891154
10/1/2023,1:10,2873221
10/1/2023,1:15,2850503
10/1/2023,1:20,2826310
10/1/2023,1:25,2802668
10/1/2023,1:30,2777321
10/1/2023,1:35,2749048
10/1/2023,1:40,2716755
10/1/2023,1:45,2680393
10/1/2023,1:50,2643203
10/1/2023,1:55,2604930
10/1/2023,2:00,2563961
10/1/2023,2:05,2520011
10/1/2023,2:10,2472036
10/1/2023,2:15,2420187
10/1/2023,2:20,2371027
10/1/2023,2:25,2326556
10/1/2023,2:30,2282146
10/1/2023,2:35,2238213
10/1/2023,2:40,2194114
10/1/2023,2:45,2148356
10/1/2023,2:50,2104687
10/1/2023,2:55,2062927
10/1/2023,3:00,2018412
10/1/2023,3:05,1975911
10/1/2023,3:10,1931376
10/1/2023,3:15,1887566
10/1/2023,3:20,1843058
10/1/2023,3:25,1801546
10/1/2023,3:30,1764513
10/1/2023,3:35,1730689
10/1/2023,3:40,1698813
10/1/2023,3:45,1666762
10/1/2023,3:50,1637602
10/1/2023,3:55,1611427
10/1/2023,4:00,1585009
10/1/2023,4:05,1559388
10/1/2023,4:10,1533057
10/1/2023,4:15,1507527
10/1/2023,4:20,1484028
10/1/2023,4:25,1461822
10/1/2023,4:30,1441434
10/1/2023,4:35,1422239
10/1/2023,4:40,1402824
10/1/2023,4:45,1384198
10/1/2023,4:50,1366632
10/1/2023,4:55,1350526
10/1/2023,5:00,1333318
10/1/2023,5:05,1317575
10/1/2023,5:10,1301159
10/1/2023,5:15,1284810
10/1/2023,5:20,1268181
10/1/2023,5:25,1253755
10/1/2023,5:30,1240099
10/1/2023,5:35,1227016
10/1/2023,5:40,1214538
10/1/2023,5:45,1202004
10/1/2023,5:50,1190975
10/1/2023,5:55,1180117
10/1/2023,6:00,1169126
10/1/2023,6:05,1157974
10/1/2023,6:10,1146795
10/1/2023,6:15,1136274
10/1/2023,6:20,1125787
10/1/2023,6:25,1115963
10/1/2023,6:30,1106470
10/1/2023,6:35,1097787
10/1/2023,6:40,1089057
10/1/2023,6:45,1080138
10/1/2023,6:50,1071666
10/1/2023,6:55,1063478
10/1/2023,7:00,1054629
10/1/2023,7:05,1044934
10/1/2023,7:10,1035959
10/1/2023,7:15,1026663
10/1/2023,7:20,1016786
10/1/2023,7:25,1007331
10/1/2023,7:30,999105
10/1/2023,7:35,990795
10/1/2023,7:40,980917
10/1/2023,7:45,972028
10/1/2023,7:50,963680
10/1/2023,7:55,954058
10/1/2023,8:00,944821
10/1/2023,8:05,933839
10/1/2023,8:10,922539
10/1/2023,8:15,912414
10/1/2023,8:20,900727
10/1/2023,8:25,888965
10/1/2023,8:30,878416
10/1/2023,8:35,868165
10/1/2023,8:40,857020
10/1/2023,8:45,845891
10/1/2023,8:50,834829
10/1/2023,8:55,824726
10/1/2023,9:00,813727
10/1/2023,9:05,801891
10/1/2023,9:10,788935
10/1/2023,9:15,774129
10/1/2023,9:20,759292
10/1/2023,9:25,746359
10/1/2023,9:30,733650
10/1/2023,9:35,721089
10/1/2023,9:40,707783
10/1/2023,9:45,694398
10/1/2023,9:50,680478
10/1/2023,9:55,666901
10/1/2023,10:00,651659
10/1/2023,10:05,634354
10/1/2023,10:10,614810
10/1/2023,10:15,590379
10/1/2023,10:20,564415
10/1/2023,10:25,550919
10/1/2023,10:30,540428
10/1/2023,10:35,531084
10/1/2023,10:40,0
10/1/2023,10:45,512124
10/1/2023,10:50,504783
10/1/2023,10:55,497494
10/1/2023,11:00,490708
10/1/2023,11:05,484073
10/1/2023,11:10,476798
10/1/2023,11:15,467432
10/1/2023,11:20,460503
10/1/2023,11:25,458750
10/1/2023,11:30,459089
10/1/2023,11:35,460003
10/1/2023,11:40,461991
10/1/2023,11:45,464840
10/1/2023,11:50,468569
10/1/2023,11:55,472827
10/1/2023,12:00,477949
10/1/2023,12:05,482746
10/1/2023,12:10,487983
10/1/2023,12:15,493260
10/1/2023,12:20,499536
10/1/2023,12:25,507710
10/1/2023,12:30,516366
10/1/2023,12:35,525945
10/1/2023,12:40,535579
10/1/2023,12:45,546019
10/1/2023,12:50,556742
10/1/2023,12:55,568554
10/1/2023,13:00,579949
10/1/2023,13:05,592461
10/1/2023,13:10,604740
10/1/2023,13:15,617744
10/1/2023,13:20,631710
10/1/2023,13:25,646971
10/1/2023,13:30,662362
10/1/2023,13:35,677515
10/1/2023,13:40,692376
10/1/2023,13:45,706730
10/1/2023,13:50,722114
10/1/2023,13:55,737737
10/1/2023,14:00,752643
10/1/2023,14:05,766893
10/1/2023,14:10,780687
10/1/2023,14:15,794238
10/1/2023,14:20,807203
10/1/2023,14:25,820918
10/1/2023,14:30,833741
10/1/2023,14:35,847302
10/1/2023,14:40,859757
10/1/2023,14:45,872226
10/1/2023,14:50,885991
10/1/2023,14:55,899855
10/1/2023,15:00,914785
10/1/2023,15:05,930547
10/1/2023,15:10,946812
10/1/2023,15:15,963621
10/1/2023,15:20,984528
10/1/2023,15:25,1010840
10/1/2023,15:30,1039864
10/1/2023,15:35,1069862
10/1/2023,15:40,1100071
10/1/2023,15:45,1129298
10/1/2023,15:50,1158514
10/1/2023,15:55,1186502
10/1/2023,16:00,1212907
10/1/2023,16:05,1238742
10/1/2023,16:10,1261759
10/1/2023,16:15,1284784
10/1/2023,16:20,1307703
10/1/2023,16:25,1331787
10/1/2023,16:30,1354659
10/1/2023,16:35,1377728
10/1/2023,16:40,1399452
10/1/2023,16:45,1419681
10/1/2023,16:50,1439814
10/1/2023,16:55,1459674
10/1/2023,17:00,1477195
10/1/2023,17:05,1494271
10/1/2023,17:10,1510030
10/1/2023,17:15,1525076
10/1/2023,17:20,1541387
10/1/2023,17:25,1558877
10/1/2023,17:30,1576841
10/1/2023,17:35,1595431
10/1/2023,17:40,1612918
10/1/2023,17:45,1631300
10/1/2023,17:50,1652106
10/1/2023,17:55,1671726
10/1/2023,18:00,1692106
10/1/2023,18:05,1711740
10/1/2023,18:10,1730637
10/1/2023,18:15,1748401
10/1/2023,18:20,1764771
10/1/2023,18:25,1782626
10/1/2023,18:30,1800324
10/1/2023,18:35,1816580
10/1/2023,18:40,1832330
10/1/2023,18:45,1845718
10/1/2023,18:50,1859400
10/1/2023,18:55,1872887
10/1/2023,19:00,1885268
10/1/2023,19:05,1897575
10/1/2023,19:10,1909702
10/1/2023,19:15,1920960
10/1/2023,19:20,1931429
10/1/2023,19:25,1939562
10/1/2023,19:30,1946556
10/1/2023,19:35,1952331
10/1/2023,19:40,1957171
10/1/2023,19:45,1960281
10/1/2023,19:50,1964638
10/1/2023,19:55,1970660
10/1/2023,20:00,1973617
10/1/2023,20:05,1973750
10/1/2023,20:10,1971136
10/1/2023,20:15,1966801
10/1/2023,20:20,1961269
10/1/2023,20:25,1955019
10/1/2023,20:30,1948786
10/1/2023,20:35,1942177
10/1/2023,20:40,1933443
10/1/2023,20:45,1922823
10/1/2023,20:50,1909992
10/1/2023,20:55,1903685
10/1/2023,21:00,1892543
10/1/2023,21:05,1887855
10/1/2023,21:10,1881175
10/1/2023,21:15,1878936
10/1/2023,21:20,1876460
10/1/2023,21:25,1872187
10/1/2023,21:30,1876978
10/1/2023,21:35,1882894
10/1/2023,21:40,1890926
10/1/2023,21:45,1905088
10/1/2023,21:50,1924692
10/1/2023,21:55,1945341
10/1/2023,22:00,1968724
10/1/2023,22:05,1996834
10/1/2023,22:10,2022104
10/1/2023,22:15,2049225
10/2/2023,22:20,2078500
10/2/2023,22:25,2113084
10/2/2023,22:30,2150826
10/2/2023,22:35,2181579
10/2/2023,22:40,2219751
10/2/2023,22:45,2257877
10/2/2023,22:50,2300097
10/2/2023,22:55,2336981
10/2/2023,23:00,2374702
10/2/2023,23:05,2415958
10/2/2023,23:10,2458399
10/2/2023,23:15,2498052
10/2/2023,23:20,2536932
10/2/2023,23:25,2577020
10/2/2023,23:30,2616007
10/2/2023,23:35,2651579
10/2/2023,23:40,2685018
10/2/2023,23:45,2715093
10/2/2023,23:50,2743731
10/2/2023,23:55,2768876
10/2/2023,0:00,2792763
10/2/2023,0:05,2813158
10/2/2023,0:10,2827604
10/2/2023,0:15,2839560
10/2/2023,0:20,2850792
10/2/2023,0:25,2861810
10/2/2023,0:30,2871200
10/2/2023,0:35,2879310
10/2/2023,0:40,2882162
10/2/2023,0:45,2883138
10/2/2023,0:50,2881480
10/2/2023,0:55,2874976
10/2/2023,1:00,2867429
10/2/2023,1:05,2856918
10/2/2023,1:10,2838468
10/2/2023,1:15,2816666
10/2/2023,1:20,2795801
10/2/2023,1:25,2775520
10/2/2023,1:30,2751392
10/2/2023,1:35,2725510
10/2/2023,1:40,2695377
10/2/2023,1:45,2660397
10/2/2023,1:50,2623422
10/2/2023,1:55,2582482
10/2/2023,2:00,2539054
10/2/2023,2:05,2492747
10/2/2023,2:10,2444480
10/2/2023,2:15,2393865
10/2/2023,2:20,2347384
10/2/2023,2:25,2302859
10/2/2023,2:30,2257657
10/2/2023,2:35,2213713
10/2/2023,2:40,2167154
10/2/2023,2:45,2121024
10/2/2023,2:50,2077797
10/2/2023,2:55,2033801
10/2/2023,3:00,1989759
10/2/2023,3:05,1946254
10/2/2023,3:10,1900369
10/2/2023,3:15,1852766
10/2/2023,3:20,1805948
10/2/2023,3:25,1765616
10/2/2023,3:30,1726828
10/2/2023,3:35,1689555
10/2/2023,3:40,1652901
10/2/2023,3:45,1617544
10/2/2023,3:50,1585494
10/2/2023,3:55,1557078
10/2/2023,4:00,1530467
10/2/2023,4:05,1508836
10/2/2023,4:10,1486080
10/2/2023,4:15,1463602
10/2/2023,4:20,1442036
10/2/2023,4:25,1421867
10/2/2023,4:30,1402594
10/2/2023,4:35,1383555
10/2/2023,4:40,1364814
10/2/2023,4:45,1347560
10/2/2023,4:50,1330797
10/2/2023,4:55,1316092
10/2/2023,5:00,1300828
10/2/2023,5:05,1285549
10/2/2023,5:10,1270797
10/2/2023,5:15,1254818
10/2/2023,5:20,1241307
10/2/2023,5:25,1227945
10/2/2023,5:30,1214792
10/2/2023,5:35,1203008
10/2/2023,5:40,1192251
10/2/2023,5:45,1181795
10/2/2023,5:50,1171475
10/2/2023,5:55,1161156
10/2/2023,6:00,1150207
10/2/2023,6:05,1139797
10/2/2023,6:10,1128430
10/2/2023,6:15,1118181
10/2/2023,6:20,1107544
10/2/2023,6:25,1094599
10/2/2023,6:30,1085515
10/2/2023,6:35,1077148
10/2/2023,6:40,1068303
10/2/2023,6:45,1059286
10/2/2023,6:50,1051108
10/2/2023,6:55,1043103
10/2/2023,7:00,1034387
10/2/2023,7:05,1025721
10/2/2023,7:10,1016440
10/2/2023,7:15,1006047
10/2/2023,7:20,996839
10/2/2023,7:25,988298
10/2/2023,7:30,979304
10/2/2023,7:35,970512
10/2/2023,7:40,961987
10/2/2023,7:45,952922
10/2/2023,7:50,943407
10/2/2023,7:55,934318
10/2/2023,8:00,924879
10/2/2023,8:05,914754
10/2/2023,8:10,904159
10/2/2023,8:15,893265
10/2/2023,8:20,882554
10/2/2023,8:25,872421
10/2/2023,8:30,862009
10/2/2023,8:35,851552
10/2/2023,8:40,841346
10/2/2023,8:45,830843
10/2/2023,8:50,820606
10/2/2023,8:55,809860
10/2/2023,9:00,798576
10/2/2023,9:05,786888
10/2/2023,9:10,773879
10/2/2023,9:15,759456
10/2/2023,9:20,745626
10/2/2023,9:25,732724
10/2/2023,9:30,719470
10/2/2023,9:35,687483
10/2/2023,9:40,675310
10/2/2023,9:45,661946
10/2/2023,9:50,648951
10/2/2023,9:55,635295
10/2/2023,10:00,620814
10/2/2023,10:05,604675
10/2/2023,10:10,585141
10/2/2023,10:15,559532
10/2/2023,10:20,538206
10/2/2023,10:25,526735
10/2/2023,10:30,516540
10/2/2023,10:35,508008
10/2/2023,10:40,499564
10/2/2023,10:45,491424
10/2/2023,10:50,483845
10/2/2023,10:55,477207
10/2/2023,11:00,470497
10/2/2023,11:05,463843
10/2/2023,11:10,456503
10/2/2023,11:15,447246
10/2/2023,11:20,440263
10/2/2023,11:25,438503
10/2/2023,11:30,438235
10/2/2023,11:35,439431
10/2/2023,11:40,441290
10/2/2023,11:45,0
10/2/2023,11:50,0
10/2/2023,11:55,342540
10/2/2023,12:00,387976
10/2/2023,12:05,0
10/2/2023,12:10,418299
10/2/2023,12:15,431637
10/2/2023,12:20,0
10/2/2023,12:25,462055
10/2/2023,12:30,475521
10/2/2023,12:35,0
10/2/2023,12:40,503061
10/2/2023,12:45,516553
10/2/2023,12:50,0
10/2/2023,12:55,544217
10/2/2023,13:00,558063
10/2/2023,13:05,0
10/2/2023,13:10,587225
10/2/2023,13:15,602145
10/2/2023,13:20,0
10/2/2023,13:25,634492
10/2/2023,13:30,651042
10/2/2023,13:35,0
10/2/2023,13:40,684859
10/2/2023,13:45,700976
10/2/2023,13:50,0
10/2/2023,13:55,731779
10/2/2023,14:00,746683
10/2/2023,14:05,0
10/2/2023,14:10,773549
10/2/2023,14:15,784927
10/2/2023,14:20,0
10/2/2023,14:25,810081
10/2/2023,14:30,822636
10/2/2023,14:35,0
10/2/2023,14:40,847286
10/2/2023,14:45,860177
10/2/2023,14:50,0
10/2/2023,14:55,888569
10/2/2023,15:00,903917
10/2/2023,15:05,0
10/2/2023,15:10,938053
10/2/2023,15:15,955817
10/2/2023,15:20,0
10/2/2023,15:25,1004004
10/2/2023,15:30,1033776
10/2/2023,15:35,0
10/2/2023,15:40,1094149
10/2/2023,15:45,1123986
10/2/2023,15:50,0
10/2/2023,15:55,1179894
10/2/2023,16:00,1206451
10/2/2023,16:05,0
10/2/2023,16:10,1255483
10/2/2023,16:15,1278339
10/2/2023,16:20,0
10/2/2023,16:25,1325785
10/2/2023,16:30,1348897
10/2/2023,16:35,0
10/2/2023,16:40,1392049
10/2/2023,16:45,1411347
10/2/2023,16:50,0
10/2/2023,16:55,1451084
10/2/2023,17:00,1469195
10/2/2023,17:05,1485578
10/2/2023,17:10,1502156
10/2/2023,17:15,1517899
10/2/2023,17:20,1534544
10/2/2023,17:25,1553103
10/2/2023,17:30,1572208
10/2/2023,17:35,1592469
10/2/2023,17:40,1611950
10/2/2023,17:45,1632259
10/2/2023,17:50,1652444
10/2/2023,17:55,1672376
10/2/2023,18:00,1691463
10/2/2023,18:05,1710708
10/2/2023,18:10,1728306
10/2/2023,18:15,1744320
10/2/2023,18:20,1761538
10/2/2023,18:25,1777416
10/2/2023,18:30,1791605
10/2/2023,18:35,1807391
10/2/2023,18:40,1822573
10/2/2023,18:45,1836825
10/2/2023,18:50,1852015
10/2/2023,18:55,1867083
10/2/2023,19:00,1879806
10/2/2023,19:05,1891018
10/2/2023,19:10,1899989
10/2/2023,19:15,1908199
10/2/2023,19:20,1916973
10/2/2023,19:25,1926669
10/2/2023,19:30,1936065
10/2/2023,19:35,1944002
10/2/2023,19:40,1950044
10/2/2023,19:45,1954018
10/2/2023,19:50,1957554
10/2/2023,19:55,1959770
10/2/2023,20:00,1958721
10/2/2023,20:05,1956983
10/2/2023,20:10,1952605
10/2/2023,20:15,1947175
10/2/2023,20:20,1940630
10/2/2023,20:25,1934788
10/2/2023,20:30,1926711
10/2/2023,20:35,1918600
10/2/2023,20:40,1908573
10/2/2023,20:45,1898335
10/2/2023,20:50,1888602
10/2/2023,20:55,1879652
10/2/2023,21:00,1872429
10/2/2023,21:05,1865598
10/2/2023,21:10,1859353
10/2/2023,21:15,1857095
10/2/2023,21:20,1856589
10/2/2023,21:25,1860815
10/2/2023,21:30,1867866
10/2/2023,21:35,1877428
10/2/2023,21:40,1891633
10/2/2023,21:45,1908484
10/2/2023,21:50,1927578
10/2/2023,21:55,1950989
10/2/2023,22:00,1976305
10/2/2023,22:05,2003368
10/2/2023,22:10,2033715
10/2/2023,22:15,2066885
10/3/2023,22:20,2102593
10/3/2023,22:25,2140870
10/3/2023,22:30,2180314
10/3/2023,22:35,2218478
10/3/2023,22:40,2257894
10/3/2023,22:45,2298403
10/3/2023,22:50,2340398
10/3/2023,22:55,2379722
10/3/2023,23:00,2416963
10/3/2023,23:05,2452374
10/3/2023,23:10,2484828
10/3/2023,23:15,2521462
10/3/2023,23:20,2557601
10/3/2023,23:25,2594431
10/3/2023,23:30,2627267
10/3/2023,23:35,2648536
10/3/2023,23:40,2678486
10/3/2023,23:45,2701472
10/3/2023,23:50,2705194
10/3/2023,23:55,2723069
10/3/2023,0:00,2732428
10/3/2023,0:05,2748047
10/3/2023,0:10,2741001
10/3/2023,0:15,2765487
10/3/2023,0:20,2776174
10/3/2023,0:25,2788440
10/3/2023,0:30,2801337
10/3/2023,0:35,2812826
10/3/2023,0:40,2818307
10/3/2023,0:45,2820469
10/3/2023,0:50,2821337
10/3/2023,0:55,2818239
10/3/2023,1:00,2810738
10/3/2023,1:05,2799314
10/3/2023,1:10,2781773
10/3/2023,1:15,2762358
10/3/2023,1:20,2732819
10/3/2023,1:25,2721285
10/3/2023,1:30,2698487
10/3/2023,1:35,2676801
10/3/2023,1:40,2650668
10/3/2023,1:45,2621587
10/3/2023,1:50,2590672
10/3/2023,1:55,2556867
10/3/2023,2:00,2521768
10/3/2023,2:05,2481949
10/3/2023,2:10,2437045
10/3/2023,2:15,2387316
10/3/2023,2:20,2342520
10/3/2023,2:25,2301275
10/3/2023,2:30,2260132
10/3/2023,2:35,2217801
10/3/2023,2:40,2171900
10/3/2023,2:45,2120731
10/3/2023,2:50,2078110
10/3/2023,2:55,2040350
10/3/2023,3:00,1996993
10/3/2023,3:05,1953135
10/3/2023,3:10,1910247
10/3/2023,3:15,1864260
10/3/2023,3:20,1820433
10/3/2023,3:25,1780474
10/3/2023,3:30,1746556
10/3/2023,3:35,1713975
10/3/2023,3:40,1682805
10/3/2023,3:45,1653591
10/3/2023,3:50,1625096
10/3/2023,3:55,1598360
10/3/2023,4:00,1571774
10/3/2023,4:05,1545718
10/3/2023,4:10,1513616
10/3/2023,4:15,1489666
10/3/2023,4:20,1472107
10/3/2023,4:25,1450211
10/3/2023,4:30,1430107
10/3/2023,4:35,1410090
10/3/2023,4:40,1390927
10/3/2023,4:45,1372709
10/3/2023,4:50,1354700
10/3/2023,4:55,1338321
10/3/2023,5:00,1321471
10/3/2023,5:05,1304745
10/3/2023,5:10,1287806
10/3/2023,5:15,1271871
10/3/2023,5:20,1256980
10/3/2023,5:25,1243241
10/3/2023,5:30,1230163
10/3/2023,5:35,1217462
10/3/2023,5:40,1205123
10/3/2023,5:45,1193198
10/3/2023,5:50,1182287
10/3/2023,5:55,1171110
10/3/2023,6:00,1159883
10/3/2023,6:05,1148772
10/3/2023,6:10,1135310
10/3/2023,6:15,1122871
10/3/2023,6:20,1111732
10/3/2023,6:25,1101826
10/3/2023,6:30,1092205
10/3/2023,6:35,1082914
10/3/2023,6:40,1073455
10/3/2023,6:45,1064393
10/3/2023,6:50,1055797
10/3/2023,6:55,1046435
10/3/2023,7:00,1036673
10/3/2023,7:05,1026992
10/3/2023,7:10,1017330
10/3/2023,7:15,1006797
10/3/2023,7:20,997146
10/3/2023,7:25,987568
10/3/2023,7:30,978196
10/3/2023,7:35,968995
10/3/2023,7:40,959853
10/3/2023,7:45,950183
10/3/2023,7:50,941247
10/3/2023,7:55,931815
10/3/2023,8:00,921837
10/3/2023,8:05,911521
10/3/2023,8:10,900788
10/3/2023,8:15,889566
10/3/2023,8:20,878767
10/3/2023,8:25,868370
10/3/2023,8:30,858089
10/3/2023,8:35,847860
10/3/2023,8:40,836391
10/3/2023,8:45,824635
10/3/2023,8:50,812786
10/3/2023,8:55,801689
10/3/2023,9:00,789871
10/3/2023,9:05,777785
10/3/2023,9:10,764534
10/3/2023,9:15,748819
10/3/2023,9:20,735224
10/3/2023,9:25,722633
10/3/2023,9:30,709704
10/3/2023,9:35,696635
10/3/2023,9:40,683060
10/3/2023,9:45,668709
10/3/2023,9:50,654996
10/3/2023,9:55,640925
10/3/2023,10:00,625631
10/3/2023,10:05,606681
10/3/2023,10:10,586286
10/3/2023,10:15,557684
10/3/2023,10:20,538732
10/3/2023,10:25,527161
10/3/2023,10:30,517833
10/3/2023,10:35,508576
10/3/2023,10:40,500191
10/3/2023,10:45,492031
10/3/2023,10:50,484991
10/3/2023,10:55,477991
10/3/2023,11:00,470848
10/3/2023,11:05,463270
10/3/2023,11:10,456411
10/3/2023,11:15,447224
10/3/2023,11:20,442371
10/3/2023,11:25,441863
10/3/2023,11:30,443087
10/3/2023,11:35,445063
10/3/2023,11:40,447253
10/3/2023,11:45,449834
10/3/2023,11:50,453396
10/3/2023,11:55,458352
10/3/2023,12:00,463621
10/3/2023,12:05,468720
10/3/2023,12:10,474512
10/3/2023,12:15,479808
10/3/2023,12:20,487293
10/3/2023,12:25,495010
10/3/2023,12:30,504060
10/3/2023,12:35,513206
10/3/2023,12:40,522487
10/3/2023,12:45,532160
10/3/2023,12:50,542042
10/3/2023,12:55,552735
10/3/2023,13:00,563553
10/3/2023,13:05,573919
10/3/2023,13:10,584431
10/3/2023,13:15,595945
10/3/2023,13:20,564691
10/3/2023,13:25,427688
10/3/2023,13:30,291120
10/3/2023,13:35,191177
10/3/2023,13:40,121729
10/3/2023,13:45,80217
10/3/2023,13:50,60767
10/3/2023,13:55,57314
10/3/2023,14:00,58548
10/3/2023,14:05,59933
10/3/2023,14:10,61534
10/3/2023,14:15,63411
10/3/2023,14:20,64974
10/3/2023,14:25,65709
10/3/2023,14:30,66223
10/3/2023,14:35,67153
10/3/2023,14:40,67798
10/3/2023,14:45,68271
10/3/2023,14:50,68899
10/3/2023,14:55,69663
10/3/2023,15:00,70162
10/3/2023,15:05,71338
10/3/2023,15:10,72732
10/3/2023,15:15,74441
10/3/2023,15:20,77321
10/3/2023,15:25,80010
10/3/2023,15:30,82906
10/3/2023,15:35,85298
10/3/2023,15:40,86993
10/3/2023,15:45,89056
10/3/2023,15:50,91042
10/3/2023,15:55,94092
10/3/2023,16:00,96322
10/3/2023,16:05,98826
10/3/2023,16:10,101133
10/3/2023,16:15,103447
10/3/2023,16:20,106245
10/3/2023,16:25,108498
10/3/2023,16:30,133883
10/3/2023,16:35,207525
10/3/2023,16:40,277572
10/3/2023,16:45,348596
10/3/2023,16:50,421768
10/3/2023,16:55,494469
10/3/2023,17:00,565253
10/3/2023,17:05,637122
10/3/2023,17:10,708845
10/3/2023,17:15,787806
10/3/2023,17:20,862769
10/3/2023,17:25,933780
10/3/2023,17:30,1000780
10/3/2023,17:35,1064135
10/3/2023,17:40,1122226
10/3/2023,17:45,1175217
10/3/2023,17:50,1224366
10/3/2023,17:55,1271768
10/3/2023,18:00,1315596
10/3/2023,18:05,1356025
10/3/2023,18:10,1394578
10/3/2023,18:15,1430598
10/3/2023,18:20,1464289
10/3/2023,18:25,1497968
10/3/2023,18:30,1530150
10/3/2023,18:35,1560836
10/3/2023,18:40,1589841
10/3/2023,18:45,1616266
10/3/2023,18:50,1641238
10/3/2023,18:55,1666126
10/3/2023,19:00,1689096
10/3/2023,19:05,1710585
10/3/2023,19:10,1729762
10/3/2023,19:15,1748658
10/3/2023,19:20,1765459
10/3/2023,19:25,1781072
10/3/2023,19:30,1796738
10/3/2023,19:35,1810345
10/3/2023,19:40,1821563
10/3/2023,19:45,1833224
10/3/2023,19:50,1841106
10/3/2023,19:55,1849646
10/3/2023,20:00,1854273
10/3/2023,20:05,1857430
10/3/2023,20:10,1857050
10/3/2023,20:15,1855612
10/3/2023,20:20,1853932
10/3/2023,20:25,1851528
10/3/2023,20:30,1848911
10/3/2023,20:35,1843686
10/3/2023,20:40,1836913
10/3/2023,20:45,1830384
10/3/2023,20:50,1825662
10/3/2023,20:55,1819775
10/3/2023,21:00,1815010
10/3/2023,21:05,1810344
10/3/2023,21:10,1807179
10/3/2023,21:15,1805263
10/3/2023,21:20,1805985
10/3/2023,21:25,1812892
10/3/2023,21:30,1821765
10/3/2023,21:35,1834296
10/3/2023,21:40,1848173
10/3/2023,21:45,1864114
10/3/2023,21:50,1882675
10/3/2023,21:55,1902397
10/3/2023,22:00,1925590
10/3/2023,22:05,1949878
10/3/2023,22:10,1976406
10/3/2023,22:15,2004985
10/4/2023,22:20,2035629
10/4/2023,22:25,2067433
10/4/2023,22:30,2101942
10/4/2023,22:35,2122554
10/4/2023,22:40,2065164
10/4/2023,22:45,1997193
10/4/2023,22:50,1974998
10/4/2023,22:55,1929355
10/4/2023,23:00,1863839
10/4/2023,23:05,1815796
10/4/2023,23:10,1912025
10/4/2023,23:15,1994482
10/4/2023,23:20,2066541
10/4/2023,23:25,2134325
10/4/2023,23:30,2198912
10/4/2023,23:35,2256031
10/4/2023,23:40,2305146
10/4/2023,23:45,2350308
10/4/2023,23:50,2389593
10/4/2023,23:55,2430138
10/4/2023,0:00,2462502
10/4/2023,0:05,2488015
10/4/2023,0:10,2509139
10/4/2023,0:15,2525689
10/4/2023,0:20,2541614
10/4/2023,0:25,2556590
10/4/2023,0:30,2572031
10/4/2023,0:35,2585243
10/4/2023,0:40,2592689
10/4/2023,0:45,2597578
10/4/2023,0:50,2605643
10/4/2023,0:55,2610508
10/4/2023,1:00,0
10/4/2023,1:05,0
10/4/2023,1:10,0
10/4/2023,1:15,0
10/4/2023,1:20,0
10/4/2023,1:25,0
10/4/2023,1:30,0
10/4/2023,1:35,0
10/4/2023,1:40,0
10/4/2023,1:45,0
10/4/2023,1:50,0
10/4/2023,1:55,0
10/4/2023,2:00,0
10/4/2023,2:05,0
10/4/2023,2:10,0
10/4/2023,2:15,0
10/4/2023,2:20,0
10/4/2023,2:25,0
10/4/2023,2:30,0
10/4/2023,2:35,0
10/4/2023,2:40,0
10/4/2023,2:45,0
10/4/2023,2:50,0
10/4/2023,2:55,0
10/4/2023,3:00,0
10/4/2023,3:05,0
10/4/2023,3:10,0
10/4/2023,3:15,0
10/4/2023,3:20,0
10/4/2023,3:25,0
10/4/2023,3:30,0
10/4/2023,3:35,0
10/4/2023,3:40,0
10/4/2023,3:45,0
10/4/2023,3:50,0
10/4/2023,3:55,0
10/4/2023,4:00,0
10/4/2023,4:05,0
10/4/2023,4:10,0
10/4/2023,4:15,0
10/4/2023,4:20,0
10/4/2023,4:25,0
10/4/2023,4:30,0
10/4/2023,4:35,0
10/4/2023,4:40,0
10/4/2023,4:45,0
10/4/2023,4:50,0
10/4/2023,4:55,0
10/4/2023,5:00,0
10/4/2023,5:05,0
10/4/2023,5:10,0
10/4/2023,5:15,0
10/4/2023,5:20,0
10/4/2023,5:25,0
10/4/2023,5:30,0
10/4/2023,5:35,0
10/4/2023,5:40,0
10/4/2023,5:45,0
10/4/2023,5:50,0
10/4/2023,5:55,0
10/4/2023,6:00,0
10/4/2023,6:05,0
10/4/2023,6:10,0
10/4/2023,6:15,0
10/4/2023,6:20,0
10/4/2023,6:25,0
10/4/2023,6:30,0
10/4/2023,6:35,0
10/4/2023,6:40,0
10/4/2023,6:45,0
10/4/2023,6:50,0
10/4/2023,6:55,0
10/4/2023,7:00,0
10/4/2023,7:05,0
10/4/2023,7:10,0
10/4/2023,7:15,0
10/4/2023,7:20,0
10/4/2023,7:25,0
10/4/2023,7:30,0
10/4/2023,7:35,0
10/4/2023,7:40,0
10/4/2023,7:45,0
10/4/2023,7:50,0
10/4/2023,7:55,0
10/4/2023,8:00,0
10/4/2023,8:05,0
10/4/2023,8:10,0
10/4/2023,8:15,0
10/4/2023,8:20,0
10/4/2023,8:25,0
10/4/2023,8:30,0
10/4/2023,8:35,0
10/4/2023,8:40,0
10/4/2023,8:45,0
10/4/2023,8:50,0
10/4/2023,8:55,0
10/4/2023,9:00,0
10/4/2023,9:05,0
10/4/2023,9:10,0
10/4/2023,9:15,802991
10/4/2023,9:20,787141
10/4/2023,9:25,773520
10/4/2023,9:30,760088
10/4/2023,9:35,747207
10/4/2023,9:40,733596
10/4/2023,9:45,719448
10/4/2023,9:50,705179
10/4/2023,9:55,691760
10/4/2023,10:00,676612
10/4/2023,10:05,659501
10/4/2023,10:10,639096
10/4/2023,10:15,615329
10/4/2023,10:20,587755
10/4/2023,10:25,573626
10/4/2023,10:30,563227
10/4/2023,10:35,553828
10/4/2023,10:40,544604
10/4/2023,10:45,535730
10/4/2023,10:50,528033
10/4/2023,10:55,521469
10/4/2023,11:00,514888
10/4/2023,11:05,508456
10/4/2023,11:10,501151
10/4/2023,11:15,493107
10/4/2023,11:20,484437
10/4/2023,11:25,482925
10/4/2023,11:30,483417
10/4/2023,11:35,485279
10/4/2023,11:40,488264
10/4/2023,11:45,491756
10/4/2023,11:50,496301
10/4/2023,11:55,501737
10/4/2023,12:00,507625
10/4/2023,12:05,513821
10/4/2023,12:10,514958
10/4/2023,12:15,521415
10/4/2023,12:20,533839
10/4/2023,12:25,542997
10/4/2023,12:30,553021
10/4/2023,12:35,0
10/4/2023,12:40,0
10/4/2023,12:45,586471
10/4/2023,12:50,598273
10/4/2023,12:55,611807
10/4/2023,13:00,626079
10/4/2023,13:05,639857
10/4/2023,13:10,654190
10/4/2023,13:15,669129
10/4/2023,13:20,679649
10/4/2023,13:25,700389
10/4/2023,13:30,717261
10/4/2023,13:35,733898
10/4/2023,13:40,750433
10/4/2023,13:45,766801
10/4/2023,13:50,783292
10/4/2023,13:55,799251
10/4/2023,14:00,815284
10/4/2023,14:05,830816
10/4/2023,14:10,845798
10/4/2023,14:15,860094
10/4/2023,14:20,873668
10/4/2023,14:25,888262
10/4/2023,14:30,902064
10/4/2023,14:35,914624
10/4/2023,14:40,927585
10/4/2023,14:45,939859
10/4/2023,14:50,952823
10/4/2023,14:55,967402
10/4/2023,15:00,981251
10/4/2023,15:05,996457
10/4/2023,15:10,1010989
10/4/2023,15:15,1027917
10/4/2023,15:20,1047994
10/4/2023,15:25,1073341
10/4/2023,15:30,1100615
10/4/2023,15:35,1128555
10/4/2023,15:40,1157010
10/4/2023,15:45,1187423
10/4/2023,15:50,1216289
10/4/2023,15:55,1237193
10/4/2023,16:00,1273930
10/4/2023,16:05,1302638
10/4/2023,16:10,1329443
10/4/2023,16:15,0
10/4/2023,16:20,1379825
10/4/2023,16:25,1405459
10/4/2023,16:30,1431419
10/4/2023,16:35,1457402
10/4/2023,16:40,1482361
10/4/2023,16:45,1506235
10/4/2023,16:50,0
10/4/2023,16:55,1553587
10/4/2023,17:00,1575209
10/4/2023,17:05,1594926
10/4/2023,17:10,1613780
10/4/2023,17:15,1632869
10/4/2023,17:20,1651449
10/4/2023,17:25,1665764
10/4/2023,17:30,1679445
10/4/2023,17:35,1695625
10/4/2023,17:40,1717283
10/4/2023,17:45,1740249
10/4/2023,17:50,1760152
10/4/2023,17:55,1778607
10/4/2023,18:00,1796022
10/4/2023,18:05,1812776
10/4/2023,18:10,1825690
10/4/2023,18:15,1852565
10/4/2023,18:20,1873292
10/4/2023,18:25,1894914
10/4/2023,18:30,1916853
10/4/2023,18:35,1937590
10/4/2023,18:40,1955667
10/4/2023,18:45,1972371
10/4/2023,18:50,1988903
10/4/2023,18:55,2004068
10/4/2023,19:00,2017750
10/4/2023,19:05,2030476
10/4/2023,19:10,2041546
10/4/2023,19:15,2051762
10/4/2023,19:20,2060876
10/4/2023,19:25,2069079
10/4/2023,19:30,2077017
10/4/2023,19:35,2085000
10/4/2023,19:40,2090900
10/4/2023,19:45,2096514
10/4/2023,19:50,2101613
10/4/2023,19:55,2104205
10/4/2023,20:00,2104845
10/4/2023,20:05,2101236
10/4/2023,20:10,2095659
10/4/2023,20:15,2090712
10/4/2023,20:20,2082300
10/4/2023,20:25,2074606
10/4/2023,20:30,2066576
10/4/2023,20:35,2057347
10/4/2023,20:40,2045862
10/4/2023,20:45,2034124
10/4/2023,20:50,2024511
10/4/2023,20:55,2013762
10/4/2023,21:00,2003508
10/4/2023,21:05,1996237
10/4/2023,21:10,1988641
10/4/2023,21:15,1982961
10/4/2023,21:20,1980040
10/4/2023,21:25,1982678
10/4/2023,21:30,1988807
10/4/2023,21:35,1997158
10/4/2023,21:40,2009714
10/4/2023,21:45,2025032
10/4/2023,21:50,2046540
10/4/2023,21:55,2069793
10/4/2023,22:00,2096336
10/4/2023,22:05,2126691
10/4/2023,22:10,2156829
10/4/2023,22:15,2188522
